beijing,chengdu,guiyang,hangzhou,harbin,hefei,kunming,lanzhou,meixian,nanchang,pingyao,shanghai,shantou,taibei,taiyuan,tianjin,wenzhou,wuhan,wulumuqi,xian,xianggang,xiangtan,xining
tňąai i…ĎŇč,t‚Äėai iaŇč,tňąai iaŇč,tňąE …¶i…ĎŇč,tňąai iaŇč,tňąE i…ĎŐÉ,tňą√¶ iAŐÉ, ź Ö tňąou,Ňčit tňąeu,tňąai i…ĒŇč, ź Ć Ē t…ôu iE,tňąa …¶iaŐÉ,zik tňąau,tňąai i…ĒŇč,tai i…íŐÉ,tňąai i…ĎŇč,tňąa ji,tňąai iaŇč,tňąai i…ĎŇč,…ôr tňąou,j…źt tňą…źu,tňąai ian, ź…õ tňą…Į …õ
y…õ li…ĎŇč,ye niaŇč,i…õ liaŇč,…¶y…ô Ē li…ĎŇč,y…õ liaŇč,y…ź Ē li…ĎŐÉ,i…õ liAŐÉ,y…ô li…ĎŐÉ,Ňčiat kuoŇč,»Ķy…Ķ Ē ku…ĒŇč,y Ć Ē mi iE,…¶y…™ Ē liaŐÉ,gue Ē,ge Ē liuŐÉ,y…ô Ē li…íŐÉ,ye li…ĎŇč,»Ķy ku…Ē,ye niaŇč,y…§ li…ĎŇč,y…õ liaŇč,jyt lŇďŇč,y√¶ nian,yu li…ĒŐÉ
…ēiŇč …ēiŇč,…ēin …ēi…ôr,…ēin …ēi…ôu,…ēin,…ēiŇč …ēiŇč,…ēin,…ēiŐÉ …ēi…ôu,…ēiŐÉn …ēiou,sen ne,si…ĎŇč ts…Ņ,sei …ēi…ôu,…ēiŇč,tsňąeŐÉ,tňąiŐÉ tsňąiŐÉ,…ēi …ēi…ôu,…ēiŇč …ēiŇč,seŇč,…ēin,…ēiŇč …ēi…§u,…ēiŇč …ēiŇč,siŇč,sian ts…Ņ,…ēi…ôŐÉ …ēi…ôŐÉ
ta lei,ta nuei,ta luei,t…Ď lei,ta lei,ta le, ā…ôŐÉ luei,ta luei,hioŇč lui kuŇč,t…Ď lui,…ēi…ĎŇč lu√¶,le …ēiaŐÉ,hiaŇč lui,tan lui,xi…íŐÉ xu…ô Ē luei,t…Ď lei,ti…õ lai,ta nei,ta luei,…ēiaŇč luei,haŇč l√ły,t…í n…ôi,lu…® …ēi…ĒŐÉ t ā…õ
 āan tian,xo san,xo san,huo Ē s…•oŐÉ,ta  āan,ta  ā…ôn,t āňą…ô  āAŐÉ,ta  ā…õŐÉn,Ňčiap fo sa,t…Ď f…Ē Ē s…õn,t…Ď  ā…ĎŇč,ho Ē …ēi,a koŇč niŐÉ Ē mak,siam tian,ta s√¶ŐÉ,t…Ď san,…ēa di,tsňą…§ xuo, āan tian, āaŐÉ tiaŐÉ,sim tin,t āňą…í …ł…í …ēyeŐÉ, āaŐÉ tiaŐÉ t ā…õ
…ēia y,no y,…ēia i,lo Ē  Ē…•,…ēia y,…ēia z…•,…ēiA i,…ēia y,lok i,l…Ē Ē y,x…Ď y,lo Ē …¶y,lo Ē hou,l…Ē Ē h…Ē,xa y,…ēi…Ď y,lo vu,…ēia y,xa y,…ēia y,l…Ēk jy,no y,…ēia y
…ēia …ēy…õ,no …ēye,…ēia …ēi…õ,lo Ē √ßi…ô Ē,…ēia …ēy…õ,…ēia …ēy…ź Ē,…ēiA …ēi…õ,…ēia …ēy…ô,lok siet,l…Ē Ē …ēy…Ķ Ē,x…Ď …ēy Ć Ē,lo Ē …ēi…™ Ē,lo Ē so Ē,l…Ē Ē se Ē,xa …ēy…ô Ē,…ēi…Ď …ēye,lo …ēy,…ēia …ēie,xa …ēy…§,…ēia …ēy…õ,l…Ēk syt,no sie,…ēia …ēyu
p…Ďu ts…Ņ,pin pau ts…Ņ,pin pao,pin b…Ē,pau ts…Ņ,i…™ŐÉ t…Į ts…ô,piŐÉ p…Ē,t…õŐÉn t…õŐÉn ts…Ņ,pňąok,pňą…Ē Ē ts…Ņ,l…ôŇč t…ĎŇč ts Ć Ē,piŇč b…Ē,pňąak,piŇč pňąau Ē,l…ôŇč t√¶ŐÉ ts…ô Ē,p…Ďu ts…ô,li…õ bu,pin pau,piŇč p…Ē,l…ôŇč ts…Ņ,p…Ēk,sie ts…Ņ ts…Ņ,p…Ē ts…Ņ
t…ēi…õ piŇč,t…ēie pin,t…ēi…õ pin,t…ēi…ô Ē pin,tuŇč piŇč,t…ēi…ź Ē pin,t…ēi…õ piŐÉ,tuŐÉn p…™ŐÉn,kiat pen,t…ēi…õ Ē pin,tuŇč x…Ď tuŇč li l…Ď,t…ēi…™ Ē piŇč,kak piaŐÉ,kiet piŇč,tu…ôŇč pi…ôŇč, ā…ĎŇč tuŇč,t…ēi peŇč,t…ēie pin,t…ēi…§ piŇč,tuŇč piŇč,kit piŇč,t…ēie k…ô…Į,pi…ôŐÉ tu…ôŐÉ xa li…Ē
kua f…ôŇč,kua foŇč,tsňąuei foŇč,t…ēňąi foŇč,kua f…ôŇč,tsňą…Ņ f…ôŇč,kuA foŇč,kua f…ôŐÉn,hi fuŇč,t…ēňąi fuŇč,ku Ć Ē xuŇč,t…ēňąi foŇč,tňąau huaŇč,ki h…ĒŇč,kua Ē f…ôŇč,ku…Ď f…ôŇč,ti…õ hoŇč,kua foŇč,kua f…§Ňč,kua f…ôŇč,fan fuŇč,t…ēňąi …ł…ôn,kua f…ôŐÉ
xuŇč,xoŇč,kaŇč,hei,kaŇč,t…ēi…Ď,kAŐÉ,k…ĎŐÉ,tňąien kiuŇč,k…ĒŇč,t…ēy…ô,h…§,kňąeŇč,h…ĒŇč,t…ēi…íŐÉ,t…ēi…ĎŇč,hau,kaŇč,k…ĎŇč,t…ēiaŇč,tsňą…Ēi huŇč,k…Ēn,k…ĒŐÉ
u y…õ t…ēi…õ,tuan iaŇč,tuan u,tuoŐÉ  Ēu,u y…õ t…ēi…õ,t äŐÉ u t…ēi…ź Ē,u i…õ tuAŐÉ u,tu…õŐÉn i…ĎŐÉ,nŐ© Ňčiat tsiet,t…Ķn u,u y ä Ē tu…ĎŇč u,t√ł …¶ŇčŐ©,ŇčoŐÉu gue Ē tsoi Ē,g…Ē lit tsie Ē,vu y…ô Ē tu√¶ŐÉ vu,u ye t…ēie,d Ďy…Ē ŇčŐ©,tan u,tuan vu,u y…õ t…ēi…õ,tyn Ňč,t…Ēn u i,t…ĒŐÉ vŐ©
pa y…õ t…ēi…õ,tsoŇč t…ēňąieu t…ēie,pa i…õ s…Ņ u,p…Ď Ē …¶y…ô Ē puoŐÉ,pa y…õ t…ēi…õ,t ā…ôŇč t…ēňąi…Į t…ēi…ź Ē,t āoŇč t…ēňąi…ôu t…ēi…õ,pa y…ô  ā Ö vu,tsuŇč tsňąiu tsiet,tsuŇč t…ēňąiu,p Ć Ē y Ć Ē  ā Ć Ē u,tsoŇč t…ēňąi…§,toŇč tsňąiu,ti…ĒŇč tsňąiu tsie Ē,pa Ē y…ô Ē s…ô Ē vu,p…Ď ye t…ēie,po »Ķy zai Ňč,tsoŇč t…ēňąi…ôu,t āuŇč t…ēňąi…§u,pa y…õ t…ēi…õ,tsuŇč tsňą…źu,t ā…ôn tsňąi…ô…Į i,pa yu  ā Ö vŐ©
san  ā…ôr,san s…Ņ uan saŇč,san s…Ņ i…õ,»ĶiEŐÉ sEŐÉ z…ô Ē vEŐÉ z…ĎŇč,san  ā…ôr uan  āaŇč,li…™ŐÉ s√¶ŐÉ  ā…ô Ē,sAŐÉ  ā Ö uAŐÉ  ā…ôŐÉ,s…õŐÉn  ā Ö v…õŐÉn …ēi,Ňčian sam s…ôp Ňčit,san s…® Ē i…Ď uan,»ĶiE ts…• x…Ď,du »Ķi …¶ia,zi Ē kau meŐÉ,li kau am,nie s√¶ŐÉ s…ô Ē,san  É…ôr van  ā…ĎŇč,sa zai »Ķai …¶a …ēy,t…ēňąy …ēi,»Ķian san  ā Ö,saŐÉ  ā…ôr xei li…õ,»Ķin sa man,dai »ĶieŐÉ san  ā Ö,saŐÉ  ā Ö uaŐÉ …ēj
t…ēin nian,t…ēin »Ķian,t…ēin lian,ken »ĶiEŐÉ,t…ēin nian,t…ēin li…™ŐÉ,t…ēiŐÉ ni…õŐÉ,t…ēiŐÉn »Ķi…õŐÉn,kin Ňčian,t…ēin »Ķi…õn,t…ēiŇč »ĶiE,t…ēiŇč »Ķi,kim niŐÉ,kin liŐÉ,t…ēi…ôŇč nie,t…ēin nian,ke »Ķi,t…ēin ni…õn,t…ēiŇč »Ķian,t…ēieŐÉ niaŐÉ,k…źm »Ķin,t…ēin »ĶieŐÉ ts…Ņ,t…ēi…ôŐÉ »ĶiaŐÉ
miŇč nian,min »Ķian,min lian,men »ĶiEŐÉ,lai nian,min li…™ŐÉ,miŐÉ …ô ni…õŐÉ,miŐÉn »Ķi…õŐÉn,kuo e Ňčian,mi…ĎŇč »Ķi…õn,l√¶ »ĶiE,kňąe »Ķi,meŐÉ niŐÉ,buaŐÉ liŐÉ,mi…ôŇč nie,lai nian,maŇč »Ķi,min ni…õn,miŇč »Ķian,miŇč niaŐÉ,tsňą√łt »Ķin,min »ĶieŐÉ ts…Ņ,mi…ôŐÉ »ĶiaŐÉ
t…ēňąy nian,t…ēňąy »Ķian,t…ēňąi lian,d Ďi√ł »ĶiEŐÉ ts…Ņ,t…ēňąy nian,tsňą…• li…™ŐÉ,t…ēňąi ni…õŐÉ,»Ķi…õŐÉn  ā Ö,kňąiu Ňčian ne,t…ēňąiu »Ķi…õn,»ĶiE s…Ņ,d Ďi…§ »Ķi,ku niŐÉ,ku liŐÉ,nie s…Ņ,t…ēňąy nian,d Ďau »Ķi,t…ēňąy ni…õn,»Ķian s…Ņ k…§,niaŐÉ s…Ņ k…§,k…źu »Ķin,t…ēňąy »ĶieŐÉ ts…Ņ,»ĶiaŐÉ s…Ņ
mi…ôŐÉr,min tňąian,min tňąian,men ts…Ē,miŇč tňąian,ma k…ô,miŐÉ …ô  ź Ö,miŐÉn k…ô,s…ôn tsau Ňčit,mi…ĎŇč »Ķi Ē,ti mi,miŇč ts…Ē,maŐÉ zik,biŐÉ a tsai,tsau t…ēňąi,mier k…ô,maŇč t…ēi…õ,min tňąi…õn,miŇč tňąian,mi…ôr,tňąiŇč j…źt,mai i ts…Ņ,mi…ôŐÉ tňąiaŐÉ
tsuor,tso tňąian,tso tňąian,z…ĎŇč Ňč…Ď Ē ts…Ņ,tsuo tňąian,ts ä k…ô,tso  ź Ö,tsu…ô k…ô,tsňąiu pu Ňčit,tsňą…Ē Ē »Ķi Ē,iE l√¶,zo Ē »Ķi…™ Ē,tsa zik,tsa hŇč,ie tňąie,tsuor k…ô,zo ji,tsuo …Į,tsu…§ tňąian,i…õ k…§,kňą…źm j…źt,dzo i ts…Ņ,i…õ l…õ
t…ēi…ôr,t…ēin tňąian,t…ēin tňąian,ken ts…Ē,t…ēin tňąian,t…ēiE k…ô,t…ēiŐÉ …ô  ź Ö,t…ēiŐÉn k…ô,kim Ňčit,t…ēin »Ķi Ē,t…ēiŇč  ź Ć Ē,t…ēiŇč ts…Ē,kim zik,kin laŐÉ lit,t…ēi…ôŇč z…ô…Ņ,t…ēi…ôr k…ô,ke ne,t…ēin …Į,t…ēiŇč tňąian,t…ēi…ôr,k…źm j…źt,t…ēin i ts…Ņ,t…ēi…ôŐÉ …õ
li pai tňąian,…ēin t…ēňąi tňąian,…ēin t…ēňąi tňąian,li pE tňąiEŐÉ,li pai tňąian,…ēin tsňą…Ņ tňąi…™ŐÉ,…ēiŐÉ t…ēňąi,…ēiŐÉn t…ēňąi,sen kňąi Ňčit,li pai,li p√¶  ź Ć Ē,li pa tňąi,tsňąeŐÉ kňąi zik,le pai lit,li pai,li pai,lei pa ne,…ēin t…ēňąi tňąi…õn,…ēiŇč t…ēňąi tňąian,…ēiŇč t…ēňąi,siŇč kňąei j…źt,sin d Ďi i,…ēi…ôŐÉ t…ēňąj  ź Ö
mai ts…Ņ,me ts…Ņ,m…õ ts…Ņ,m…Ď Ē ts…Ņ,mai ts…Ņ,m…ź Ē ts…ô,m…ô ts…Ņ,m…ô ts…Ņ,mak e,m…Ď Ē ts…Ņ,mi Ć Ē ts Ć Ē,ma Ē ts…Ņ,be Ē,be Ē a,mie Ē ts…ô Ē,mai ts…Ņ,ma,m…§ ts…Ņ,mei ts…Ņ,mei,m…źk,mai ts…Ņ,m…® ts…Ņ
ta mi,mi,ta mi,mEŐÉ mi,ta mi,m…Ņ,mi,ta mi,mi,mi,t…Ď mi,du mi,tiu,bi,tňąau ts…ô Ē,t…Ď mi,mei,mi,ta mi,ta mi,w…Ē,dai mi,ta mj
tsňąan tou,fu t…ôu,fu t…ôu,dzEŐÉ dei …ôl,tsňąan tou,tsňą√¶ŐÉ t…Į,tsňąAŐÉ t…ôu,ta tou,fu tňąeu,tsňą…Ķn tňą…õu,t…Ď t…ôu,…¶√ł d…§,piaŇč tau,tsňąan tau,ta t…ôu,tsňąan tou,va d…§u,tsňąan t…ôu,ta t…§u,tsňąaŐÉ tou,tsňąam t…źu,uan d…ô…Į,ta t…Į
…ēiaŇč  ź Ö kňąuei,…ēiaŇč z…Ņ kňąuei,kňąuei xua,gui hu…Ď,ta kňąuei xua,kňąue xua,t āňą…Ē iAŐÉ piŐÉ,…ēi…ĎŐÉ  ź Ö kňąuei,hioŇč Ňčit kňąui,kňąui f…Ď,t āňą…Ē i…ĎŇč xu…Ď,…ēiaŐÉ z…ô Ē gue,hiaŇč zik kňąui,hi…ĒŇč i…ĒŇč hue,kňąuei xua,t āuan lian,tňąa ji vai ho,kňąuei xua,kňąuei xua,…ēiaŇčr kňąuei,hŇďŇč j…źt kňąw…źi,t…ēyeŐÉ i nieŐÉ,…ēi…ĒŐÉ  ź Ö kňąu…®
po tsňąai,po tsňąai,po tsňąai,po tsňąE,p…§ tsňąai,p ä tsňąE,po tsňą√¶,lu p…ô tsňą…õ,kok tsňąoi ie,po tsňąai,tsňąei tsňą√¶,pu tsňąe,pue leŇč,po lin a tsňąai,t…ēňąi tsňąai,po tsňąai,pa laŇč tsňąe,po tsňąai,p…§ tsňąai,po tsňąai,p…Ē tsňą…Ēi,po tsňąai,p…Ē tsňą…õ
i…ĎŇč pai tsňąai,t…ēyan …ēin pe,ko …ēin p…õ,p…Ē …ēin tsňąE,ta tňąou tsňąai,p…Ē tňą…Į tsňąE,li…õŐÉ xuA p…ô,li…õŐÉn xua tsňą…õ,pau tsňąoi,p…Ďu tsňąai,xu√¶ ts Ć Ē p√¶,t…ēy√ł …ēiŇč tsňąe,ko le,kŇčŐ© sim tsňąai,xuei ts…ô Ē pai,i…ĎŇč pai tsňąai,d Ďau tsňąe,t…ēy…õn …ēin tsňąai,lian xua pei,liaŐÉ xua pei,j…õ tsňą…Ēi,pa…Į tsňąai,t…ēyaŐÉ …ēi…ô p…® tsňą…õ
…ēi xuŇč  ā Ö,fan t…ēňąie,mao la ko,fEŐÉ d Ďi…Ď, ā Ö ts…Ņ,i…ĎŐÉ s…Ņ ts…ô,fAŐÉ t…ēňąi…õ,i…ĎŐÉ  ā Ö ts…Ņ,fan kňąio e,fan t…ēňąi…Ď,i…ĎŇč s…Ņ ts Ć Ē,fe ga,huaŇč kio,tňąa baŐÉ to,…ēi f√¶ŐÉ s…Ņ,xuo s…Ņ ts…ô,fa ga,fan t…ēňąie,i…ĎŇč s…Ņ ts…Ņ,iaŇč s…Ņ ts…Ņ,fan kňą…õ,si …¶…ôn s…Ņ,i…ĒŐÉ s…Ņ ts…Ņ
t…ēňąi…õ ts…Ņ,t…ēňąie ts…Ņ,t…ēňąi…õ ts…Ņ,d Ďi …ôl,t…ēňąi…õ ts…Ņ,t…ēňąye ts…ô,t…ēňąi…õ ts…Ņ,t…ēňąi…ô ts…Ņ,tiau tsňąoi ie,t…ēňąi…Ď ts…Ņ,t…ēiE ts Ć Ē,lo Ē su,kio,kio,t…ēňąie ts…ô Ē,t…ēňąie ts…ô,dz…Ņ ŇčŐ©,t…ēňąie ts…Ņ,t…ēňąi…§ ts…Ņ,t…ēňąi…õ ts…Ņ,…źi kwa,d Ďy…í ts…Ņ,t…ēňąi ts…Ņ
pai  āu,xoŇč sau,fan su,fEŐÉ dz…•,ti kua,z…• tňą…Į,p…ô t āňąu,xuŐÉn  ā…Ē,fan su,lo pňąo …ēy,xuŇč s…•,se …¶y,huaŇč ts…Į,han tsi,xu…ôŇč su,san y,fa zei,sau,xuŇč fu,xuŇč  āau,fan sy,t…ēio pan …ēy,xu…ôŐÉ fvŐ©
tňąu tour,iaŇč y,iaŇč i,…¶i…ĎŇč fEŐÉ dz…•,tňąu tour,ma lin t āňąu,iAŐÉ i,i…ĎŐÉ y,ma laŇč su,i…ĒŇč y tňą…õu,s…ĎŇč i Ć Ē t…ĎŇč,…¶iaŐÉ se …¶y,ho laŇč ts…Į,baŐÉ liŇč tsi,s√¶ŐÉ i…ô Ē t√¶ŐÉ,tňąu tour,fa naŇč vu,tňą…ôu t…ôu,i…ĎŇč y,iaŇč y,sy ts…źi,ian y d…ô…Į,i…ĒŐÉ y
nan ku…ô,nan kua,lan kua,nEŐÉ ku…Ď,uo kua,l√¶ŐÉ kua,m…ô kuA,l…õŐÉn kua,tuŇč kua,p…õ Ē ku…Ď,n…ĎŇč ku…Ď,ve ko,huŇč kue,kim kue,n√¶ŐÉ kua,uo ku…Ď,t…ēaŇč ko,nan kua,xu lu,uo kua,nam kwa,nan ku…í,naŐÉ kua
t āu,tsu,tsu,ts…•,t āu,t āu,t āu,pfu,tsu ve,t…ēy,ts…•  ź Ć Ē,ts…Ņ lu,t…Į,ti,tsu,t āu,tsei,t…ēy,t āu,pfu,tsy,t…ēy,t āvŐ©
kuŇč t āu,t…ēyo tsu,ia tsu,koŇč ts…•,pňąau lan ts…Ņ,k…ôŇč t āu,iA t āu,ia pfu,tsu ko,t…ēy ku li,»Ķi…Ď  ź Ć Ē,ts…Ņ l…ĎŐÉ,t…Į ko,ti kaŇč,ku…ôŇč tsu,kuŇč t āu,joŇč ke tsei,koŇč t…ēy,kuŇč t āu,ia pfu,tsy kuŇč,t…ēio t…ēy ts…Ņ,ia t āvŐ©
mu t āu,mu tsu,tsňąao tsu,mu ts…•,mu t āu,m…ôŇč t āu,mu t āu,mu pfu,tsu ma,t…ēy pňąo,mu  ź Ć Ē,l…Ē mŐ© ts…Ņ,t…Į bo,ti bu,mu tsu,mu t āu,tsňą…ú ke tsei,moŇč t…ēy,mu t āu,mu pfu,tsy na,t…ēy bo ts…Ņ,mvŐ© t āvŐ©
kuŇč t…ēi,t…ēi koŇč,koŇč t…ēi,…¶ioŇč t…ēi,kuŇč t…ēi,k…ôŇč ts…Ņ,koŇč t…ēi,kuŐÉn t…ēi,ke kuŇč,t…ēi kuŇč,kuŇč t…ēi,…¶ioŇč t…ēi,koi aŇč,ke kaŇč,ku…ôŇč t…ēi,kuŇč t…ēi,joŇč ts…Ņ,t…ēi koŇč,kuŇč t…ēi,kuŇč t…ēi,k…źi kuŇč,t…ēia…Į t…ēi,ku…ôŐÉ t…ēj
mu t…ēi,t…ēi pňąo,ts…Ņ t…ēi,bo t…ēi,mu t…ēi,m…ôŇč ts…Ņ,mu t…ēi,mu t…ēi,ke ma,t…ēi pňąo,tsňą…Ē t…ēi,tsňą…Ņ t…ēi,koi bo,ke bu,tsňąau t…ēi,mu t…ēi,tsňą…ú ts…Ņ,t…ēi moŇč,mu t…ēi,mu t…ēi,k…źi na,t…ēi bo,mvŐ© t…ēj
t…ēia t…ēňąi…Ďur,ma t…ēňąy…ôr,ma t…ēňąio,m…Ď t…ēňąi…Ē …ôl,t…ēia t…ēňąiaur,ma t…ēňąi…Į,ku t…ēňąio,ma t…ēňąi…Ē …Į,vo pit le,kan t…ēňąi…Ē Ē ts…Ņ,t…ēňąi…Ē  ź Ć Ē,mo t…ēňąia Ē,muaŐÉ tsiau Ē,tsňąi Ē tsiau a,t…ēňąyar,t…ēi…Ď t…ēňąi…Ďur,t…ēi ŇčŐ©,ma t…ēňąio,ma t…ēňąy…§ ts…Ņ,t…ēňąiaur,ma tsŇďk,m…í tsňąio ts…Ņ,t…ēňąi…Ē …õ
x…Ďu ts…Ņ,xau ts…Ņ,xao ts…Ņ,l…Ē tsňą…•,xau ts…Ņ,l…Ē t āňąu…ô,l…Ē t āňąu,l…Ē pfňąu ts…Ņ,lau tsňąu ve,lau …ēy,ku  ź Ć Ē,l…Ē zoŇč,ŇčiaŐÉu tsňą…Į,liau tsňąi,ku …ôr,l…Ďu  āu,l…ú tsňąei,nau …ēy,l…Ē t āňąu,lau fu,lou sy,na…Į …ēy ts…Ņ,l…Ē fvŐ©
t āňąou t āňąuŇč,tsňą…ôu tsoŇč,tsňą…ôu tsňąoŇč,tsňąei dzoŇč,t āňąou t āňąuŇč,t āňą…Į t āňą…ôŇč,pi s…ô,pi  ā…ô,kon pňąi,tsňą…®u tsňąuŇč,pi Ć Ē  ā Ć Ē,tsňą…§ zoŇč,bak sak,ba Ē sat,pi…ô Ē s…ô Ē,t āňąou tsňąuŇč,ku…Ē sai,tsňą…ôu tsňąoŇč,t āňą…§u sei,t āňąou sei,muk s…źt,t āňą…ô…Į d ź…ôn,t āňą…Į s…®
f…ĎŇč ts…Ņ,faŇč ts…Ņ,faŇč ts…Ņ,v…ĎŇč ts…Ņ,faŇč ts…Ņ,ts…ź Ē ts…ô,fAŐÉ ts…Ņ,f…ĎŐÉ ts…Ņ,vuk e,u Ē,xu…ô ts Ć Ē,v…ĎŐÉ ts…Ņ,tsňąu,tsňąu,f…íŐÉ ts…ô Ē,f…ĎŇč ts…Ņ,vu du…Ē,faŇč ts…Ņ,f…ĎŇč ts…Ņ,faŇč,uk,u,f…ĒŐÉ ts…Ņ
u ts…Ņ,u ts…Ņ,faŇč kan,v…ĎŇč t…ēiEŐÉ,u ts…Ņ,f…ĎŐÉ t…ē…™ŐÉ,fAŐÉ t…ēi…õŐÉ,f…ĎŐÉ ts…Ņ,kian ne,f…ĒŇč,xu…ô ts Ć Ē,v…ĎŐÉ ke,paŇč,paŇč kiŇč,t…ēia,u ts…Ņ,…¶u…Ē ka,faŇč kan,f…ĎŇč ts…Ņ,faŇč ts…Ņ,f…ĒŇč kan,…ł…Ēn kan,tňą…Ē t…ēiaŐÉ
t āňąu…ĎŇč xu,tsňąuaŇč ts…Ņ,tsňąuaŇč ts…Ņ,tsňą…•…ĎŇč men,t āňąuaŇč xu,t āňąu…ĎŐÉ ts…ô,t āňąuAŐÉ xoŇč,pfňą…ĎŐÉ ts…Ņ,tsňąuŇč Ňče,tsňą…ĒŇč ts…Ņ,su…ô ts Ć Ē,tsňą…ĎŐÉ m…ôŇč,tňąeŇč,tňąaŇč a,tsňąu…íŐÉ xu,tsňąu…ĎŇč xu,t…ēňąy…Ē,tsňąuaŇč ts…Ņ,t āňąu…ĎŇč xu,pfňąaŇč ts…Ņ,tsňąŇďŇč,t āňą…Ēn ts…Ņ,t āňąu…ĒŐÉ ts…Ņ
m…ôn kňąar,m…ôn kňąan,men kňąan,men kňąEŐÉ,m…ôn kňąar,m…ôn kňą√¶ŐÉ,m…ôŐÉ kňąAŐÉ,m…ôŐÉn kňą…õŐÉn,mum ton,m…®n kan,m…ôŇč …ēiE …ēiE,m…ôŇč kňąe,muŇč toŐÉi,ho tiŇč,m…ôŇč …ēie …ēie,m…ôn kňąar,maŇč kňąa,m…ôn kňąan,m…§Ňč kňąan,meŐÉ kňąaŐÉ,mun h…źm,m…ôn kňąan,m…ôŐÉ kňąaŐÉ
tsňą…§ suo,mau faŇč,tsňą…õ so,m…Ē kňą…ĎŇč,mau lour,m…Ē tsňą…Ņ,m…Ē s…Ņ,m…Ē s…Ņ,s…Ņ kau,m…Ďu k…ĒŇč,m…Ē ts Ć Ē,mo doŇč ke,tsňąe so,pien so,mau f…íŐÉ,m…Ďu sou,mu…Ē kňąi…õ,mau s…Ņ,m…Ē f…ĎŇč,mau ts…Ņ,tsňąi s…Ē,ma…Į s…Ņ u,m…Ē s…Ņ
t āňąu f…ĎŇč,tsňąu faŇč,tsňąu faŇč,dz…• v…ĎŇč,t āňąu faŇč,k ä t…ēi…™ŐÉ,ts…Ē fAŐÉ,pfňąu f…ĎŐÉ,tsňąu foŇč ha,t…ēňąy f…ĒŇč,ts…• xu…ô,ts…Ē pňąi ke,tou paŇč,tu paŇč,tsňąu f…íŐÉ,t āňąu f…ĎŇč,…¶o ts…ú ka,tsňąy faŇč,t āňąu f…ĎŇč,pfňąu faŇč,tsňą√ły f…ĒŇč,tsa…Į u,t āňąvŐ© f…ĒŐÉ
ian tňąuŇč,ian tsňąoŇč,ian tsňąoŇč, ĒiEŐÉ tsňąoŇč,ian tňąuŇč,i…™ŐÉ l…ôŇč,i…õŐÉ tsňąoŇč,i…õŐÉn tňąuŐÉn,ian ham,i…õn tňąuŇč,iE tňąu Ć Ē,i tsňąoŇč,iŇč taŇč,ien taŇč,ie tu…ôŇč,ian tňąuŇč,ji t…ēňąoŇč,i…õn tňąoŇč,ian tňąuŇč,iaŐÉ tňąuŇč,jin tňąuŇč,ieŐÉ d…ôn,iaŐÉ tu…ôŐÉ
t āuo ts…Ņ,tso ts…Ņ,tso ts…Ņ,tso Ē ts…Ņ,t āuo ts…Ņ,t āu…ź Ē ts…ô,t āo ts…Ņ,pf…ô ts…Ņ,tsok e,ts…Ē Ē ts…Ņ,tsu Ć Ē ts Ć Ē,de ts…Ņ,tsňą…ĮŇč,to Ē a,tsua Ē ts…ô Ē,tsuo ts…Ņ,t…ēo,tsuo ts…Ņ,t āu…§ ts…Ņ,pfo ts…Ņ,tňą…Ēi,tso ts…Ņ,t āu ts…Ņ
lou tňąi,n…ôu tňąi,l…ôu tňąi,…¶u tňąi,lou tňąi,l…Į tsňą…Ņ,l…ôu tňąi,lou xu tňąi,tňąoi pňąai,l…õu tňąi,l…ôu tňąi,…¶u tňąi,lau tňąui,lau tňąui,l…ôu tňąi,lou tňąi…ôr,t…ēolau tňąei,n…ôu tňąi,l…§u tňąi,lou tňąi,l…źu tňą…źi,n…ô…Į tňąi,lvŐ©tsňą…Ņ
n…Ďu tai,tňą…ôu,lao kňąo,dei,tňąou,tňą…Į,n…Ē kňąo,tňąou,tňąeu,tňą…õu,t Ć Ē l…Ē,d…§,tňąau,tňąau,t…ô Ē nau,n…Ďu tai,d…§u,tňą…ôu,tňą…§u,tňąou,tňą…źu,na…Į kňąo,tňą…Į
n…Ďu m…ôr,Ňče n…ôu,Ňč…õ l…ôu,Ňč…Ď Ē ko Ē dei,p…ôr lou, ź…ź Ē l…Ē tňą…Į,n…Ē m…ôŐÉ,p…ôŐÉn lu,Ňčiak,l…Ďu ku…Ď,p…ôŇč t…ôu,Ňča Ē ko Ē d…§,hia Ē,hia Ē tňąau,p…ôŇč l…ôu,ie liŇč kar,Ňča d…§u,Ňč…§ tňą…ôu,p…§Ňč l…§u,Ňčei lou,Ňčak tňą…źu,na…Į m…ôn,n…ôŐÉ mvŐ© tňą…Į
lian,nian,lian,liEŐÉ kňąoŇč,lian,li…™ŐÉ,li…õŐÉ,li…õŐÉn pňą…õŐÉn ts…Ņ,mien,li…õn,liE,mi kňąoŇč,miŇč,bin,mi nie,lian,mi,ni…õn,lian,liaŐÉ,min,nieŐÉ kuai,liaŐÉ
pi ts…Ņ,pi ts…Ņ,pi ts…Ņ,b…Ď Ē dei,pi ts…Ņ,pi…ô Ē ts…ô,pi ts…Ņ,pi k…ô ta,pňąi kuŇč,pňąi Ē kuŇč,pi Ć Ē ts Ć Ē,bi…™ Ē d…§,pňąiŐÉ,pňąiŐÉ,pi…ô Ē ts…ô Ē,pi ts…Ņ,bei d…§u,pi ts…Ņ,pi ts…Ņ,pi ts…Ņ,pei k…Ē,pňąi d…ôn,pj ts…Ņ
po k…ôŐÉr,t…ēin ts…Ņ,t…ēiaŇč ken,dei t…ēin,p…§ ts…Ņ,l…Ē t…ēin pa,po ts…Ņ,p…ô ts…Ņ,kiaŇč kin,t…ēi…ĎŇč,p Ć Ē ts Ć Ē,d…§ t…ēiŇč,am,am kun,pa Ē ts…ô Ē,po ts…Ņ,d…§u t…ēaŇč,t…ēin kňąuaŇč,p…§ ts…Ņ,po xaŇč,k…õŇč,t…ēian k…ôn,p…Ē paŐÉ
tsuo  āou,tso s…ôu,tso s…ôu,t…ēi sei,tsuo  āou,ts ä  ā…Į,tso  ā…ôu,tsu…ô  āou,tso su,tso s…®u,t…ēiE  ā…ôu,tsu s…§,to tsňąiu,to tsňąiu,tsu…§ s…ôu,tsuo sou,tsei …ē…§u,suo s…ôu,tsu…§  ā…§u,tsuo  āou,ts…Ē s…źu,tso  ā…ô…Į,tsu  ā…Į
iou  āou,i…ôu s…ôu,i…ôu s…ôu,z…•en sei,iou  āou,i…Į  ā…Į,i…ôu  ā…ôu,iou  āou,iu su,iu s…®u,t ā Ö  ā…ôu,…¶i…§ s…§,tsiaŐÉ tsňąiu,tsiaŐÉ tsňąiu,ts…ôŇč s…ôu,iou sou,joŇč …ē…§u,i…ôu s…ôu,i…§u  ā…§u,iou  āou,j…źu s…źu,i…ô…Į  ā…ô…Į,i…Į  ā…Į
t…ēňąyan tňąou,tin ts…Ņ,tin ts…Ņ,dz…•oŐÉ dei,t…ēňąyan tňąou,t…ēňąy…™ŐÉ tňą…Į,t āňąuei tňą…ôu,pfňąei tňąou,kňąian tňąeu,t…ēňąy…Ķn tňą…õu,k Ć Ē tu,d Ďy√ł d…§,kňąuŇč tňąau,kun tňąau,k…ô Ē tu,t…ēňąy…Ďn tňąou,d Ďy d…§u,tsňąuan tňą…ôu,t āňąuei tňą…§u,pfňąei tňąou ts…Ņ,kňąyn tňą…źu,do …ēin,t āňąu…® tňą…Į
 āou t ā Ö tňąou,s…ôu ts…Ņ m…ôr,ts…Ņ tňą…ôu,sei ts…Ņ dei, āou t ā…Ņ tňąou,mu t ā…Ē tňą…Į, ā…ôu t ā Ö tňą…ôu,t ā Ö tňąou ts…Ņ,su ts…Ņ,ts…® Ē tňą…õu ts…Ņ,t ā Ć Ē t…ôu  ź Ć Ē,s…§ t…ēi…™ Ē d…§,tsňąiu tsoŐÉi,tsŇčŐ© tňąau,s…ôu ts…ô Ē tňą…ôu,sou ts…Ņ tňąou,…ē…§u ts…Ņ d Ďy ŇčŐ©,s…ôu ts…Ņ, ā…§u ts…Ņ tňą…§u, āou ts…Ņ tňąou,s…źu tsi tňą…źu, ā…ô…Į t ā Ö na…Į, ā…Į ts…Ņ tňą…Į
t ā Ö t…ēia,ts…Ņ t…ēia,ts…Ņ t…ēia,sei ts…Ņ kňą…Ď Ē …ôl, āou t ā Ö kar,t ā…ô Ē t…ēi…ź Ē kE,t ā Ö t…ēiA,t ā Ö t…ēia,su ts…Ņ kap,ts…® Ē ka Ē ts…Ņ,ts…Ņ t…ēi Ć Ē,s…§ t…ēi…™ Ē kňąa Ē,tsoŐÉi ka Ē,tsŇč ka Ē,ts…ô Ē t…ēia Ē,ts…Ņ kai ts…ô,ts…Ņ ka,ts…Ņ ka kňąuo,ts…Ņ t…ēia,ts…Ņ t…ēia,tsi kap,t ā Ö k…í,ts…Ņ t…ēia
po l…ôŇč kar,kňąe …ēi tňą…ôr,kňą…õ …ēi tňą…ôu,…ēi…ô Ē kňąo dei,p…§ l…ôŇč kar,kňą…ź Ē t…ēňąi…ô Ē tňą…Į,kňą…ô …ēi tňą…ôu,p…ô …ēi k…õ ts…Ņ,tsňąit tňąeu hoŇč,kňąi…õ Ē …ēi Ē tňą…õu ts…Ņ,k Ć Ē …ēi Ć Ē kňąu√¶ ts Ć Ē,t…ēia Ē m√ł d…§,kňąa tňąau u,kňąa tňąau hu,k…ô Ē ti kňąuei,po liŇč kar,t…ēa kňąy d…§u,kňą…§ t…ēňąi tňą…ôu,p…§ …ēi k…õr,kňą…Į t…ēňąi kai,s…źt tňą…źu,…ēi d…ô…Į ku,p…Ē …ēj k…õ
tňąuei,tňąuei kan,pa tňąuei,t…ēi…Ď Ē pňą…ĎŇč,tňąuei,tňąe,tňąuei tu p…Ē,tňąuei,kiok,t…ēi…Ē Ē,tňąu√¶,t…ēia Ē pňą…ĎŐÉ,kňąa,tňąui,tňąuei,tňąuei,tňąai,tňąei,tňąuei,tňąuei,kŇďk,tňą…ôi p…í ts…Ņ,tňąu…®
ti…õ,pa,pa pa,p…Ď p…Ď,pa,p…ź Ē p…ź Ē,ti…õ,ti…ô,a pa,p…Ď Ē,tiE,tia tia,a pa,hu tsňąin,lau ts…ô Ē,p…Ď,a pa,fu t…ēňąin,pa pa,pa,pa pa,tie tie,ta ta
ni…ĎŇč,ma,ma,m…Ď m…Ď,ma,ma i,mA,ma,a me,mŐ© m…Ď,m…ĎŇč,mŐ© ma,a naŐÉ,bu tsňąin,ma,m…Ď,a ma,moŇč t…ēňąin,ma,ma,ma ma,mŐ© m…í,mŐ© ma
i…õ i…õ,ie ie,i…õ i…õ,ti…Ď ti…Ď,i…õ i…õ,te te,l…Ē ti…õ,i…ô i…ô,a kuŇč,kuŇč kuŇč,iE iE,l…Ē tia,a koŇč,a k…ĒŇč,ie ie,ie ie,a ji,ts…ôu fu,i…§ i…§,i…õ,a j…õ,k…ôn k…ôn,i i…õ
nai nai,pňąo pňąo,tňąai tňąai,nE nE,nai,lE lE,n√¶,l…õ l…õ,a pňąo,pňąo pňąo,»Ķi…Ď »Ķi…Ď,nŐ© na,a maŐÉ,a baŐÉ,nai nai,nai nai,»Ķi »Ķi,ts…ôu moŇč,nai nai,nai,a ma,Ňčai d Ďi,n…õ n…õ
ta i…õ,pe pe,p…õ p…ú,p…Ď Ē p…Ď Ē,ta i…õ,ta p…ź Ē,tA ti…õ,ta ta,a pak,tňąai p…Ď Ē,tei iE,pa Ē pa Ē,a pe Ē,a pe Ē,ta ie,t…Ď ie,pa pa,p…§ p…§,pei pei,pei,pak fu,p…í p…í,ta ta
ta ma,pe »ĶiaŇč,p…õ ma,d…Ď m…Ď m…Ď,ta niaŇč,ta ta,tA mo,ma ma,pak me,tňąai m…Ď,t…Ďi »Ķi…ĎŇč,pa Ē mu,a m,a mŐ©,ta ni…íŐÉ,t…Ď ni…ĎŇč,a mo,p…§ moŇč,ta ma,ma ma,pak nŇďŇč,p…í d Ďi,ma ma
 āur,p…ôr,su su,…ēi…Ē p…Ď Ē p…Ď Ē, āu,i,i…õ i…õ,pa pa,a suk,su Ē,l…Ē l…Ē,…¶ia so Ē,a tsek,a tsik,su…ô Ē su…ô Ē,pai pai,a …ē…§y,s…ôu s…ôu,fu fu,pa,a suk, ā…ô…Į  ā…ô…Į,pa pa
 ā…ôr,s…ôn s…ôn,sen sen,sen ni…ĎŇč, ā…ôr, ā…ôn ts…ô, ā…ôŐÉ  ā…ôŐÉ, ā…ôŐÉn  ā…ôn,suk me,s…®n ts…Ņ, ā…ôŇč  ā…ôŇč,s…ôŇč »ĶiaŐÉ,a sim,a tsim,s…ôŇč s…ôŇč, ā…ôr,a saŇč,s…ôu moŇč, ā…§Ňč  ā…§Ňč,niaŇč,a s…źm, ā…ôn d Ďi, ā…ôŐÉ ts…Ņ
l…Ďu i…õ,uai koŇč,koŇč koŇč,…¶uE koŇč,lau i…õ,uE te te,koŇč koŇč,v…õ i…ô,Ňčoi a kuŇč,Ňč…Ď kuŇč,t…ēi…ĎŇč iE,Ňča koŇč,gua koŇč,gua k…ĒŇč,lau ie,l…Ďu ie,a ji,uai ts…ôu fu,vai i…§ i…§,i…õ,a kuŇč,uai k…ôn,u…® i
l…Ďu l…Ďu,uai pňąo,pňąo pňąo,…¶uE bo,laur,uE lE lE,pňąo pňąo,v…õ l…õ l…õ,Ňčoi a pňąo,Ňč…Ď pňąo,p√¶ p√¶,Ňča bu,guamaŐÉ,gua baŐÉ,lau ni…íŐÉ,l…Ďu l…Ďu,»Ķi »Ķi,uai ts…ôu moŇč,vai nai nai,nai,pňą…Ē pňą…Ē,uai bo,u…® n…õ n…õ
t…ēiou t…ēiou,t…ēi…ôu t…ēi…ôu,t…ēi…ôu t…ēi…ôu,ni…ĎŇč d Ďi√ł,t…ēiou,t…ēi…Į t…ēi…Į,t…ēi…ôu ti…õ,a t…ēiou,a kňąiu,mu t…ēňąiu,t…ēi…ôu t…ēi…ôu,»ĶiaŐÉ d Ďi…§,a ku,a ku,t…ēi…ôu t…ēi…ôu,t…ēiou t…ēiou,d Ďau d Ďau,t…ēi…ôu fu,t…ēi…§u t…ēi…§u,t…ēiou,kňą…źu fu,d Ďi…ô…Į i…í,a t…ēi…Į
t…ēiou ma,t…ēi…ôu m…ôr,t…ēi…ôu ma,d Ďi√ł mŐ©,t…ēiou mu,t…ēi…Į m…ô,t…ēi…ôu mA,t…ēiou mu,kňąiu me,t…ēňąiu mu,t…ēiŇč ts Ć Ē,d Ďi…§ ma,a kim,a kim,t…ēi…ôŇč t…ēi…ôŇč,t…ēiou mu,,t…ēi…ôu moŇč,t…ēi…§u mu,t…ēieŐÉ ts…Ņ,kňą…źm mou,d Ďi…ô…Į »Ķian,t…ēi…Į mvŐ©
nan  ź…ôn,nau koŇč,lan zen,l…Ē koŇč,t āaŇč fu,l…Ē ti…ô Ē m…ôn,nAŐÉ  ź…ôŐÉ,l…õŐÉn  ź…ôŐÉn,lau kuŇč,l…Ďu kuŇč,n…ĎŇč  ź…ôŇč,e »ĶiŇč,aŇč,hu,lau x√¶ŐÉ,t…ĎŇč t…ēi…Ď tie,l…ú koŇč,tsaŇč fu,nan  ź…§Ňč,ny …ēi,lou kuŇč,Ňčai in,n…Ē m…ôŐÉ ts…Ņ  ź…ôŐÉ
…ēi f…ôr,nau pňąo,li l…õ,l…Ē bo,lau pňą…§,lE lE m…ôn,pňąo niA,»Ķy  ź…ôŐÉn,lau pňąo,l…Ďu pňąo,l…Ē pei,e »ĶiŇč,bou,tsňąe,lau pňą…§,t…ēi…Ď li ti,l…ú jy,t…ēňąi ts…Ņ,l…Ē pňą…§,…ēi fu…ôr,lou pňą…Ē,Ňčai in,n…Ē m…ôŐÉ t…ēia lŐ© ts…Ņ
…ôr ts…Ņ,…ôr,…ôňě ts…Ņ,…ôl ts…Ņ,…ôňě ts…Ņ,a ts…ô,…ô ts…Ņ,…Į ts…Ņ,lai ie,tsai,…ēi…Ē ts Ć Ē,»Ķi ts…Ņ,kiaŐÉ,kiaŐÉ,…ēiau ts…ô Ē,…ėr ts…ô,ŇčŐ©,…Į ts…Ņ,…ôňě ts…Ņ,…ôr,ts…źi,tsai,…õ ts…Ņ
kuei ny,»Ķy…ôr,ku liaŇč,n…• …ôl,ku niaŇč,ia tňą…Į,nu…ô,ku »Ķi…ĎŐÉ,moi ie,»Ķy,t…ēy nz…•,n√ł ŇčŐ©,tsau kiaŐÉ,tsa bo kiaŐÉ,kuei ny,ku…ôn ny,na ŇčŐ©,ny …Į,»Ķy …ôňě,ny,n√ły,»Ķy tsai d Ďi,kvŐ© »Ķi…ĒŐÉ
ts…Ďu t āňą…ĎŇč fan,tsau fan,ko tsao,ts…Ē vEŐÉ,tsau  āaŇč fan,ts…Ē f√¶ŐÉ,ts…Ē ti…õŐÉ,ts…Ē f…õŐÉn,s…ôt tsau,ts…Ďu fan,ts…Ē t…ēňąi xu…ĎŇč,ts…Ē ve,meŐÉ tsa,tsa tŇčŐ©,tsau t…ēňąi…ôŇč f√¶ŐÉ,tian …ēin,tňąi ku…Ē dz…Ņ,kuo tsau,kan ts…Ē fan,kaŐÉ tsau faŐÉ,tsou tsňąan,tsa…Į …łan,ts…Ē faŐÉ
 ā…ĎŇč u fan,u fan,tsoŇč u fan,tsoŇč vEŐÉ, āaŇč u fan,t ā…ôŇč f√¶ŐÉ,ts…Ē fAŐÉ, ā…ĎŐÉ vu,s…ôt tsu,tsuŇč fan,su…ô u xu…ĎŇč,tsoŇč  ve,zik tau,tioŇč tau tŇčŐ©,s…íŐÉ vu f√¶ŐÉ,ts…Ďu fan,ne t…ē…§u dz…Ņ,tsoŇč fan,t āuŇč vu fan, āaŇč u faŐÉ,Ňč tsňąan,t ā…ôn u …łan,vŐ© faŐÉ
uan fan,uan fan,uan fan,…¶i vEŐÉ,uan  āaŇč fan,u√¶ŐÉ f√¶ŐÉ,uAŐÉ fAŐÉ,x…ô f…õŐÉn,s…ôt ia,i…Ď fan,x Ć Ē t…ēi…ĎŇč xu…ĎŇč,…¶ia  ve,meŐÉ am,am tŇčŐ©,x…ô Ē ie f√¶ŐÉ,van fan,…¶a …ēy dz…Ņ,uan fan,…ēia vu fan,xei li…õ faŐÉ,man tsňąan,i…í …łan,x…®  faŐÉ
mian tňąi…Ďur,mian,mian,miEŐÉ,mian tňąiaur,mi…™ŐÉ tňąi…Ē,mi…õŐÉ,mi…õŐÉn tňąi…Ē ts…Ņ,mien,mi…õn,k…ĎŇč miE,mi,miŐÉ,biŐÉ,mie,mian tňąi…Ďur,mi,mi…õn,mian tňąi…Ēr,miaŐÉ,min,mieŐÉ,miaŐÉ
man tňąou,man tňą…ôu,man tňą…ôu,muoŐÉ dei,man tňąou,ta m ä,mAŐÉ tňą…ôu,m…ô m…ô,man tňąeu,mo mo,mei mei,m√ł d…§,maŇč tňąau,ban tňąo,m…§ m…§,man tňąou,zai saŇč pu…Ē,man tňą…ôu,m…§ m…§,t ā…ôŇč mo,man tňą…źu,momo,m…Ē m…Ē
p…Ďu ts…Ņ,pau ts…Ņ,pao ts…Ņ,muoŐÉ dei,pau ts…Ņ,p…Ē ts…ô,p…Ē ts…Ņ,p…Ē ts…Ņ,pau ve,p…Ďu ts…Ņ,p…Ē  ź Ć Ē,m√ł d…§,pau,pau a,pau ts…ô Ē,p…Ďu ts…ô,m√ł d…§u,pau ts…Ņ,p…Ē ts…Ņ,pau ts…Ņ,pau,pa…Į ts…Ņ,p…Ē ts…Ņ
xun tňąun,tsňąau s…ôu,kňąuen tňąen,…¶un den,xu…ôn tu…ôn,t…ēi…Ē ts…ô,t…ēi…Ē,xuŐÉn tňąuŐÉn,kiau ve,t…ēňąin tňą…ĒŇč,xuŇč tuŇč,…¶u…ôŇč d…ôŇč,kiau,pien sip,xu…ôŇč tu…ôŇč,xu…ôn tňąu…ôn,vaŇč daŇč,xu…ôn t…ôn,xuŇč tňąuŇč,xueŐÉ tňąueŐÉ,w…źn tňą…źn,…ł…ôn t…ôn,xu…ôŐÉ tu…ôŐÉ
tsňąu,tsňąu,tsňąu,tsňąu,t…ēi xuei,tsňąu,suAŐÉ tsňąu,tsňąu,son tsňą…Ņ,…ēi…õu t…ēiu,tsňą…ôu,tsňąu,tsňąou,tsňąo,tsňąu,tsňąu,tsňą√ły,tsňą…ôu,tsňąu,tsňąu,tsňąou,tsňą…ô…Į,t…ēňąy
t…ēi…ĎŇč iou,t…ēiaŇč i…ôu,t…ēiaŇč i…ôu,t…ēi…ĎŇč …¶i√ł,t…ēňąiŇč t…ēiaŇč,t…ēi…ĎŐÉ i…Į,t…ēňąiŐÉ t…ēiAŐÉ,t…ēňąiŐÉn t…ēi…ĎŐÉ,pňąak mi,t…ēi…ĒŇč iu,t…ēi…ĎŇč i…ôu,t…ēiaŐÉ …¶i…§,si iu,tau iu,t…ēi…íŐÉ i…ôu,t…ēňąiŇč t…ēi…ĎŇč,t…ēi jau,t…ēiaŇč i…ôu,t…ēňąiŇč t…ēi…ĎŇč,t…ēiaŇč iou,si j…źu,tsian i…ô…Į,t…ēi…ĒŐÉ i…Į
ian,ian,ian pa,…¶iEŐÉ,…ēian ian,i…™ŐÉ,i…õŐÉ pA,i…õŐÉn,iam,i…õn,…ēi…ĎŇč iE,…¶i,iam,iam,…ēie ie,ian,ji,i…õn,t…ēňąiŇč t…ēi…ĎŇč…ēian ian,iaŐÉ,jim,ieŐÉ,iaŐÉ
kňąuai ts…Ņ,kňąuai ts…Ņ,kňąuai ts…Ņ,kňąuE …ôl,kňąuai ts…Ņ,kňąiE ts…ô,kňąu…ô ,kňąu…õ ts…Ņ,kňąuai ie,kňąuai ts…Ņ,kňąu√¶ ts Ć Ē,kue,t…Į,ti,kňąuai ts…ô Ē,kňąuai ts…ô,dzei,kňąuai ts…Ņ,kňąuai ts…Ņ,kňąuai ts…Ņ,fai tsi,kňąuai ts…Ņ,kňąu…õ ts…Ņ
 ā…Ďu ts…Ņ,pňąiau k…ôr,pňąiao …ôňě,zo Ē …ôl, āau ts…Ņ, āu…ź Ē ts…ô,tňąi…Ē k…ôŐÉ,f…ô ts…Ņ,sok e,s…Ē Ē ts…Ņ,s…Ņ s…Ņ,zo Ē ts…Ņ,tňą…ĮŇč si,tňąŇčŐ© si,tňąiau k…ôŇč, ā…Ďur,tňąi…õ ŇčŐ©,suo ts…Ņ,f…§ f…§ ts…Ņ,fo for,tsňąi k…źŇč,dia…Į k…ôn,f…Ē f…Ē
i…õ m…ôr,nan z…ôn,lan l…õ,nEŐÉ zen t…ēi…Ď,nan  ź…ôn,l√¶ŐÉ ti…ô Ē,nAŐÉ n…ô,l…õn  ź…ôŐÉn,nam me Ňčin,lan ko,x…ĎŇč,n√ł »ĶiŇč,ta pou,ta p…Ē,n√¶ŐÉ t…ô Ē,nan  ź…ôn,n√ł ts…Ņ kňąa,nan n…ôn,nan  ź…§Ňč,naŐÉ  źeŐÉ,nam j…źn,nan in k…í,naŐÉ  ź…ôŐÉ
ny  ź…ôn,»Ķy z…ôn,li l…õ,n…• zen t…ēi…Ď,ny  ź…ôn,z…• ti…ô Ē,ni n…ô,»Ķy  ź…ôŐÉn,fu Ňčin ka,»Ķy ko,pei i m…ôŇč,»Ķy »ĶiŇč,ts…Į nioŐÉ,tsa b…Ē,ny t…ô Ē,ny  ź…ôn,l…ú »ĶaŇč kňąa,ny n…ôn,»Ķy  ź…§Ňč,ny  źeŐÉ,n√ły j…źn,»Ķy in k…í,mj  ź…ôŐÉ
nan xar,nan ua ts…Ņ,lan ua ua,nEŐÉ …¶i…Ď …ôl,…ēiau ts…Ņ,…ēi…Ē s…Ņ,nAŐÉ uA uA,…Į va ts…Ņ,se a ko e,lan tsai ts…Ņ,…ēi…Ē ts Ć Ē,n√ł …ēi…Ē n√ł,ta pou kiaŐÉ,ta p…Ē giŐÉ na,n√¶ŐÉ va va,…ēi…Ďu ts…ô,n√ł ŇčŐ©,nan xai,…ôňě va ts…Ņ,ua ts…Ņ,nam ts…źi,Ňč…í d Ďi,ka ua
ny xar,»Ķy ua ts…Ņ,li ua ua,n…• …¶i…Ď …ôl,ia tňąou,ia tňą…Į,ni uA uA,»Ķy ts…Ņ,se moi ie,»Ķy tsai ts…Ņ,nz…• ts Ć Ē,»Ķy …ēi…Ē n√ł,ts…Į nioŐÉ kiaŐÉ,tsa b…Ē giŐÉ na,ny va va,ku…ôn ny,na ŇčŐ©,ny xai,ia tňą…§u,ny ts…Ņ,n√ły ts…źi,m…ôi d Ďi,mj ts…Ņ
l…Ďu tňąour,nau tňą…ôr,lao tsei,l…Ē dei …ôl,lau tňąour,l…Ē tňą…Į ts…ô,l…Ē kuAŐÉ …ô,l…Ē x…õŐÉn,lau a pak,l…Ďu tňą…õu ts…Ņ,l…Ē x…ĎŇč,l…Ē koŇč koŇč,lau ta pou,lau tua laŇč,lau x√¶ŐÉ x√¶ŐÉ,l…Ďu tňąour,l…ú l…ú,nau tie tie,l…Ē xan,lau xaŐÉ,lou j…źn ka,na…Į k…Ēn ts…Ņ,l…Ē xaŐÉ
i  ā…ôŇč,i s…ôn,i sen, Ēi sen,tai fu,z…Ņ s…ôn,i s…ôŐÉ,…ēi…õŐÉn  ā…ôŐÉn,i sen,i s…õn,i s…ôŇč,i saŐÉ,ui seŇč,i siŇč,…ēie s…ôŇč,tai fu,ji si…õ,i s…ôn,tai fu,tai fu,ji s…źŇč,i s…ôn,…ēiaŐÉ s…ôŐÉ
ta  ā Ö fu,tsňąus…Ņ,tsňąu ts…Ņ,dz…• v…ĎŇč s…Ņ vu,ta  ā Ö fu,t āňąu ts…ô,t āňąu s…Ņ,pfňąu ts…Ņ,tsňąu s…Ņ,tňąai s…Ņ fu,tsu Ć Ē xu…ĎŇč ti Ć Ē,z…Ņ s…Ņ,tou s…Į,tsoŇč pňąo sai hu,tsňąu ts…ô Ē,tsňąu ts…ô,dz…Ņ …¶u…Ē l…ú s…Ņ,ta s…Ņ fu,t āňąu ts…Ņ,pfňąu ts…Ņ,tsy si,d Ďy s…Ņ,ta s…Ņ fvŐ©
i…Ďu fan t…ô,t…ēiau xua ts…Ņ,t…ēiao xua ts…Ņ,t…ēi…Ē hu…Ď ts…Ņ,iau fan ti,t…ēi…Ē xua ts…ô,xuA ts…Ņ,i…Ē t ā…ô t āňą Ö ti,kau fa ve,k…Ďu f…Ď ts…Ņ,t…ēi…Ē xu…Ď ts Ć Ē,k√ł ho ts…Ņ,kňą…Įk tsia Ē,kňąit tsia Ē,t…ēiau xua ts…ô Ē,i…Ďu fan ti,kňą√ł ŇčŐ©,t…ēňąi kai,i…Ē fan ti,xaŐÉ  ź…ôr,h…źt ji,ka…Į …ł…í ts…Ņ,…ēi…ôŐÉ kňą…Į
p…Ďu mu,pau mu,pao mu,p…Ē mu,lau ma ts…Ņ,p…ĎŐÉ k…ôŇč ti…ô Ē,p…Ē mu,tsu xu…ô ti,pau me,t…ēi »Ķi…ĒŇč,li…Ē xei  ź Ć Ē ti Ć Ē,»ĶiaŐÉ …¶i,po m,lin bu,pau mu,nai m…Ď ts…ô,a mo,pau moŇč,l…Ē ma ts…Ņ,yŇč  źeŐÉ,kuŇč j…źn,pa…Į mo,p…Ē mvŐ©
piŇč l…ô,pin no,sen pin …ôu,sen bin t…ô,piŇč l…ô,p…ô Ē x…Ē k ä,piŐÉ l…ô,piŐÉn xa l…Ē,pot pňąiaŇč,pňąi…ĎŇč li…õu,p Ć Ē t Ć Ē  ā…ôu,saŐÉ biŇč,naŇč moŐÉ,pňąua piŐÉ,pi lie,piŇč l…ô,si…õ beŇč,pin niau,piŇč li…§,piŇč li…õ,p…õŇč ts…Ē,t āo bian,pi…ô li…Ē
 ā…ĎŇč f…ôŇč,saŇč foŇč,liaŇč tao,s…•…ĎŇč foŇč, āaŇč f…ôŇč, ā…ĎŐÉ f…ôŇč, āAŐÉ foŇč,li…ĎŐÉ pf…ô l…Ē,soŇč fuŇč,s…ĒŇč fuŇč,pňąi Ć Ē tsu Ć Ē li…Ď,s…ĎŐÉ foŇč,kuaŐÉ tio Ē,sioŇč hoŇč,pňąi…ô Ē tsu lie, ā…ĎŇč f…ôŇč,…ēi hoŇč,saŇč foŇč, ā…ĎŇč f…§Ňč,liaŇč pfo li…õ,sŇďŇč fuŇč,nian t…í,li…ĒŐÉ t āňąu li…Ē
n…Ďu tu ts…Ņ,na tu ts…Ņ,tu pňąi pu xao,du bi dz…Ď,nau tu ts…Ņ,pňą…Ē s…Ņ,…ēi…õ tu ts…Ņ,pňą…Ē tu t ā…ô li,o li tu,…ēi…Ď tňąu,pňą…Ē m…Ē ts Ć Ē,du bi za,lau sai,lau sai,tsňąu√¶ŐÉ …ēi,n…Ďu tu ts…Ņ,sei d√ły,…ēie t…ôu ts…Ņ,la tu ts…Ņ,pňąau xou,tňąou …Ē,t…ô…Į ts…Ņ o,la tvŐ© ts…Ņ
t…ēňąy…õ ts…Ņ,pai ts…Ņ,pai ts…Ņ,t…ēňąi…Ē kuE …ôl,t…ēňąy…õ ts…Ņ,t…ēňąy…ź Ē ts…ô,p√¶ p√¶,t…ēňąy…ô ts…Ņ,pai kiok e,kuai ts…Ņ,ku√¶ ts Ć Ē,t…ēňąi…Ē t…ēia Ē,kuai kňąa,pai kňąa,kuai ts…ô Ē,t…ēňąye ts…ô,pňąi t…ēa,po ts…Ņ,t…ēňąy…§ ts…Ņ,po ts…Ņ,p…źi kŇďk lou,pai ts…Ņ,t…ēňąyu ts…Ņ
luo kuor,tňąo ts…Ņ,tňąo ts…Ņ,do pei l…Ē …ôl,luo kuor,tňą ä ts…ô,pei ko,pei ku…ô ts…Ņ,tňąo poi ie,tňąo ts…Ņ,p√¶ kuei kuei,du ts…Ņ,io ku,kňąiau ku,pei ku…§ ku…§,luo kuor,hau pai,tňąuo ts…Ņ,lu…§ ku…§ ts…Ņ,pei kuo ts…Ņ,tňą…Ē pui,do ts…Ņ,p…® l…Ē ku …õ
k…§r l…ô,s…Ņ no,s…Ņ …ôu,s…Ņ li…Ē t…ô,s…Ņ l…ô,p…ô Ē tsE l…ô,pu ts√¶ l…ô,s…Ņ l…Ē,si pňąet le,s…Ņ p…® Ē l…õu,m…Ď li…Ď,…ēi tňą…ô Ē l…ô Ē,si kňą…Į,si a,s…Ņ lie,s…Ņ l…ô,s…Ņ …¶u…Ē,s…Ņ niau,s…Ņ li…§,s…Ņ li…õ,sei ts…Ē,na…Į t…í,m…Ē ti…Ē li…Ē
t…ēňąi…Ďu piŇč,kňąan pin,kňąan pin,kňąEŐÉ m…Ē bin,kňąan piŇč,t…ēňąi…Ē pin,t…ēňąi…Ē piŐÉ,kňą…õŐÉn piŐÉn,kňąon pňąiaŇč,kňą…Ķn pňąi…ĎŇč,li…Ē pi,kňą√ł i saŐÉ,tňąoŐÉi ui seŇč,kňąuaŐÉ piŐÉ,k√¶ŐÉ pi…ôŇč,kňąan piŇč,tsňą…Ņ beŇč,kňąan pin,kňąan piŇč,kňąaŐÉ piŇč,t…źi p…õŇč,kňąan bian,kňąaŐÉ pi…ôŐÉ
uo,Ňčo,Ňčo,Ňčo,uo, ä,o,v…ô,Ňčai,Ňčo,ŇčiE,Ňču,ua,gua,…£…§,uo,ŇčŐ©,Ňčuo,v…§,Ňč…§,Ňč…Ē,Ňčo,n…Ē
ni,»Ķi,li,ni,ni,li,ni,»Ķi,nŐ©,nŐ©,nŐ©,noŇč,l…Į,li,ni,ni,»Ķi,ni,»Ķi,ni,nei,ni,»Ķi
tňąa,tňąa,la,tňą…Ď,tňąa,tňąa,tňąA,tňąa,ki,t…ēie,u Ć Ē t…ēi…Ď,…¶i,i,i,tňąa,tňą…Ď,gi,tňąa,tňąa,tňąa,kňą√ły,tňą…í,tňąa
uom,Ňčo m…ôn,Ňčo men,Ňčo men,uo m…ôn, ä m…ôn,o m…ôŐÉ,v…ô m…ôŐÉn,Ňčai ten Ňčin,Ňčo m…®n,Ňč…Ď,a Ē la,uaŇč,gun,…£…§ m…ô Ē,uo m…ôn,ŇčŐ© le,Ňčuo m…ôn,v…§ m…§Ňč,Ňčai,Ňč…Ē tei,Ňčo in,n…Ē m…ôŐÉ
nim,»Ķi m…ôn,li men,ni men,ni m…ôn,li m…ôn,ni m…ôŐÉ,»Ķi m…ôŐÉn,nŐ© ten Ňčin,nŐ© m…®n,»ĶiE,na,niŇč,lin,ni m…ô Ē,ni m…ôn,»Ķi le,ni m…ôn,»Ķi m…§Ňč,ni,nei tei,»Ķi in,»Ķi m…ôŐÉ
tňąam,tňąa m…ôn,la men,tňą…Ď men,tňąa m…ôn,tňąa m…ôn,tňąA m…ôŐÉ,tňąa m…ôŐÉn,ki ten Ňčin,t…ēie m…®n,u Ć Ē t…ēi…Ď mi…Ď,…¶i la,i naŇč,in,tňąa m…ô Ē,tňą…Ď m…ôn,gi le,tňąa m…ôn,tňąa m…§Ňč,tňąa ti,kňą√ły tei,tňą…í in,t…ēia m…ôŐÉ
tsam,Ňčo m…ôn,Ňčo men,Ňčo men d…Ď t…ēi…Ď,tsan m…ôn, ä m…ôn,o m…ôŐÉ,v…ô m…ôŐÉn,Ňčai ten Ňčin,Ňčo m…®n,ts Ć Ē m…ôŇč,a Ē la,naŇč,lan,tsa m…ô Ē,tsan m…ôn,Ňču…Ē »Ķi,Ňčuo m…ôn,tsa m…§Ňč,tsai,Ňč…Ē tei,Ňčo in,n…Ē m…ôŐÉ
ts…Ņ k…§r,ko z…ôn,ts…Ņ t…ēi,dz…Ņ t…ēi…Ď,ts…Ņ t…ēi,ts…Ņ ts…Ņ,ts…Ņ t…ēi,k…ô t…ēia,tsňą…Ņ ka,tsňą…Ņ kan,ts…Ņ t…ēi…Ď,z…Ņ ka,ka ki,ka ki,ts…Ņ t…ēia,ts…Ņ k…§r,z…Ņ,ts…Ņ t…ēi,k…§  ź…§Ňč,ts…Ņ k…§r,tsi kei,dz…Ņ k…í,ku t…ēia
 āei,na ko,la ko,n…Ď ko Ē, āei,xa k…ô,nA k…ô,fei,man Ňčin,l…Ď ko,suei,sa »ĶiŇč,ti tiaŇč,siaŐÉ,suei,sei,»Ķi naŇč,na kuo,sei,sei,pin k…Ē,n…í ko,f…®
 ā…ôm,sa ts…Ņ,laŇč ts…Ņ,s…Ď …ēi, āa,x…ôŇč k…ô,nA iAŐÉ,sa,mak ke,s…® Ē li, ā…ôŇč,sa,miŐÉ Ē kai,siaŐÉ biŐÉ Ē,s…ôŇč,m…Ď,ga »Ķi,mo s…Ņ,sa,sa,m…źt, ā…ôn mo,sa
t ā…§r,ts…ôr,ts…Ņ t…õ,k…ô Ē li,t āei kar,ti …Ē ts…ô,t ā Ö ti…ô,t ā Ö tňąa tňąa,e ie,ko li,ts√¶  ź Ć Ē,di…™ Ē ta Ē,tsi ko,tsia,ts…ô Ē l…§,t…ēie x…ôr,ke lei,ts…§ ni,tsei ta,t ā…§r,nei tou,ko t…Ēn,t ā Ö t āa
nar,n…ôr,a t…õ,n…Ď li,nei kar,la …Ē ts…ô,n…ô ti…ô,la tňąa tňąa,ke ie,he li,u√¶  ź Ć Ē,i ta Ē,h…Į ko,hia,v…ô Ē l…§,n…Ď x…ôr,bu…Ē ta,na ni,nei ta,uor,k…Ē tou,n…í t…Ēn,n…õ t āa
nar,n…ôr,la t…õ,n…Ď li,nei kar,la k…ô ts…ô,nA ti…ô,la ta ta,Ňčai ke,l…Ď li,l…Ď  ź Ć Ē,sa di f…ĎŐÉ,ti ko,to ui,na l…§,n…Ď x…ôr,»Ķau du…Ē,na ni,na ta,a ta,pin tou,n…í t…Ēn,a t āa
t ā…§ k…ô,tse ko,ts…Ņ ko,t…ēi…ô Ē ko Ē,t āei k…§,ti k…ô,t ā Ö k…ô,t ā Ö i k…ô,e ke,ko ts…Ď Ē,ts Ć Ē xu√¶,di…™ Ē g…ô Ē,tsi kai,tsit le,tsai,t…ēie k…ô,ki kai,ts…§ kuo,tsei k…§,t ā Ö k…§,nei k…Ē,ko ko,t ā Ö k…Ē
na k…ô,na ko,a ko,n…Ď ko Ē,nei k…§,la k…ô,n…ô k…ô,l…õ i k…ô,ke ke,he ko,u Ć Ē xu√¶,i g…ô Ē,h…Į kai,hit le,vai,n…Ď k…ô,he kai,na kuo,nei k…§,u k…§,k…Ē k…Ē,n…í ko,n…õ k…Ē
na k…ô,na ko,la ko,n…Ď  Ēi…ô Ē ko Ē,nei i k…§,xa i…ô Ē k…ô,nA k…ô,la i k…ô,Ňčai ke,l…Ď ko,l…Ď i Ć Ē xu√¶,…¶a li g…ô Ē,ti tsek kai,to tsit le,na kuai,nei k…ô,»Ķau kai,na kuo,na k…§,a i k…§,pin k…Ē,n…í i ko,a k…Ē
ts…ôn mo i…ĎŇč,naŇč ko,tsa ko iaŇč,t…ēi…ô Ē k…ô Ē tňą…Ē,tsa iaŇč,ts…ôn i…ĎŐÉ,tsA k…ô l…ô,ts…ôŐÉn mŐ© l…Ē,ŇčioŇč Ňče,l…ĒŇč i…ĒŇč,ts…Ď ti xu√¶,na n…ôŇč,miŐÉ Ē seŐÉ ioŐÉ,an tsuaŐÉ iuŐÉ,tsa Ē ti,n…ôn m…ô i…ĎŇč,ts…Ņ na naŇč,mo iaŇč,tsa mu k…§,tsa k…§ …ēiaŇč,tim,i kai,a m…ôŐÉ t ā…õ
uei,ko,ko,…¶ui,uei,k…ô,,,ke,ko,,,,le,kuai,,kai,uei,k…§,k…§,w…źi,t ā…í,k…Ē
k…ĎŇč,tsňąu,tsňąu,k…ĎŇč k…ĎŇč,t ā…ôŇč,tsňąu,tsňąu,tsňąu,tsňą…Ņ,k…ĒŇč k…ĒŇč,tsňą…ôu,tsňąu,,tsňą…Ē,tsňąu,ts…ôŇč,t…ēňą√ły,kňąa kňąa,tsňąu,tsňąu,tsňąou,tsňą…ô…Į,t…ēňąy
t ā…ôŇč xaur,…ēi,…ēi,k…ĎŇč h…Ē,t ā…ôŇč xaur,s…Ņ,…ēi,…ēi,iu,ts…®n h…Ďu,sei,…ēi,,iu,…ēi,ts…ôŇč x…Ďur,sei,kaŇč xau,…ēi,…ēi,s…źi,si,…ēj
x…§,tsňąaŇč,tsňąaŇč,t…Ď Ē,x…§,t āňą…ĎŐÉ,t āňąAŐÉ,t āňą…ĎŐÉ,tsňąoŇč,ki…õn,t āňą…ĎŇč,z…ĎŐÉ,t…ĮŇč,tŇčŐ©,tsňą…íŐÉ,k…ôn,d Ďi,xuo,t āňą…ĎŇč,t āňąaŇč,tsňąŇďŇč,d ź…Ēn,t āňą…ĒŐÉ
t ā Ö,tuan,tuan,ts…ô Ē,t ā Ö,t äŐÉ,tuAŐÉ,tu…õŐÉn,ton,ts…® Ē,tňąu…ĎŇč,t√ł,to,te,tu√¶ŐÉ,ts…Ņ,t√ł,ts…Ņ,tuan,tuaŐÉ,tyn,t…Ēn,tuaŐÉ
tsňąuŇč,tsaŇč,la tňąa,dzoŇč,tsňąuŇč,ts…ĎŐÉ,tsAŐÉ,ts…ĎŐÉ,me,tsňąuŇč, ź Ć Ē ts…ĎŇč,o Ē tsňąo Ē,tsňąi iŐÉ,hi…ĒŇč,z…ô Ē ts…íŐÉ,tsňąuŇč,…ú ts…ú,tsňąoŇč,ts…ĎŇč,tsaŇč,wu tsou,n…í tňą…í,ts…ĒŐÉ
tňąi,kan t…ēin,kan t…ēin,p…Ď Ē,tňąi,t…ēňąin li…ĎŐÉ,kAŐÉ t…ēiŐÉ,k…õŐÉn t…ēiŐÉn,tsňąiaŇč,p…ĒŇč,k…ĎŇč t…ēiŇč,t…ēňąiŇč s…ĎŐÉ,tsňąeŇč kňąi,tsňąiŇč kňąi,k√¶ŐÉ t…ēi…ôŇč,tňąi,li…õ dzei,tňąi,kan t…ēiŇč,kaŐÉ t…ēiŇč,k…Ēn ts…õŇč,so ni,kaŐÉ t…ēi…ôŐÉ
na,…ēiaŇč in,pňąian i,do,na,t…ēňąi…Ē,…ēiAŐÉ iŐÉ,pňąi…õŐÉn i,pňąien Ňčin,l…Ď Ē,pňąiE i,d ĎiaŐÉ,pňąiŐÉ,pien i,t…ēie,n…Ď,bi ji,na,pňąian i,pňąiaŐÉ i,pňą…õŇč,bieŐÉ »Ķi,pňąiaŐÉ i
ku i,tsňąai,t…ēiaŇč tsňąai,d…ô Ē …¶ui,t…ēiŇč i…ôr,tsňąE,tsňą√¶ t…ēiAŐÉ,t…ēi…ĎŐÉ …Į,koŇč koŇč,tňą…õ Ē s…Ņ,s…Ď,k…ĎŐÉ k…ĎŐÉ,taŐÉ tsiaŐÉ,tu a,t…ēi…íŐÉ,tsňą…ôŇč …ēin,saŇč,ku i,k…ĎŇč,kaŇč,Ňčam,dzai,t…ēi…ĒŐÉ
i,tsňą…ôn,t…ēiaŇč t…ēiaŇč l…õ, Ēi…ô Ē,i,t ā…ôn,t…ēiAŐÉ t…ēiAŐÉ,t…ēi…ĎŐÉ,koŇč,i Ē,t…ēi…ĎŇč,k…ĎŐÉ h…Ē,Ňčam Ňčam,tu tu,t…ēi…íŐÉ t…ēi…íŐÉ,i,tseŇč h…ú,i,k…ĎŇč x…Ēr,kaŇč,Ňčam,t ā…ôn,t…ēi…ĒŐÉ
…ôr,t…ēňąia t…ēňąia,tsen tuei tňą…ôu,…ôl,…ôňě,t…ēi…ĎŐÉ x ä,kAŐÉ x…Ē,t ā…ôŐÉn x…Ē …Į,tsaŇč hau,…Ķ,t ā Ö x…Ē x…Ē,k…ĎŐÉ ts…ôŇč h…Ē,Ňčam Ňčam,tu tu ho,ts…ôŇč xau xau,…ôr,tseŇč h…ú,…Į,k…ĎŇč x…Ēr,kaŇč xaur,Ňčam Ňčam hou,t ā…ôn ha…Į,t…ēi…ĒŐÉ kňąa ma
san,xo,xo,sEŐÉ,san,k…ôn,√¶,li…õŐÉn,tňąuŇč,san,xu,ta Ē,ka Ē,ka Ē,xu…§,san,kňąu…Ē,san,x…§,keŐÉ,tňąuŇč,…¶o,k…ôŐÉ
s…Ņ,ts…Ņ,ts…Ņ,s…Ņ,s…Ņ,t ā…ô Ē,t ā Ö,ku…ĎŐÉ,tsak,s…Ņ,tsňą…ĎŇč,ts…ô Ē,tsňąeŇč,tsi,ku…íŐÉ,s…Ņ,ts…Ņ,s…Ņ,ts…Ņ,kuaŇč,tsi,ts…Ņ,t…ēi…Į
u,tsňąoŇč,t…ēňąi, Ēu,u,tsňą…ôŇč,tsňąoŇč,k…ôŐÉn,tsňąiuŇč,ŇčŐ©,tsňąuŇč,zoŇč,taŇč,tui,tsňąu…ôŇč,u,ju…Ē,u,tsňąuŇč,iou,tsňąuŇč,dz…ôn,tsňąu…ôŐÉ
liou,paŇč,tňąi,lo Ē,liou,p…ĎŐÉ,√¶,k…Į,tňąi,liu Ē,tňąi,de,ka Ē,tňąe,tňąi,liou,de,n…ôu,tňąi,tňąi,p…ĒŇč,ke,t…õ
t…ēňąi,na,la,t…ēňąi…ô Ē,t…ēňąi,la,nA,la,na,t…ēňąi Ē,xei,ne,kňąio Ē,tňąe Ē,na,t…ēňąi,jy…Ē,t…ēňąi,na,na,l…Ē,n…í,t…õ
pa,ni pian,pa i,p…Ď Ē,pa,ku z…Ņ,pA i,ku i,ku i,pa Ē,tsu…ĎŇč i ku  ź Ć Ē,…¶i…§ i,tsuaŇč,k…Ē i,tsu√¶ŐÉ i,p…Ď,ku ji,pa,ku i,ku i…ôr,t…źk t…źŇč,t…ēin u…ôi,ti kvŐ© i …õ
t…ēiou,i,i,t…ēi√ł,t…ēiou,i…ô Ē,i,i,it,t…ēiu,i Ć Ē,i…™ Ē,tsek,tsit,i…ô Ē,t…ēiou,jai,t…ēi…ôu,i,i,j…źt,i,j
 ā Ö,…ôr,…ôňě,z…ô Ē, ā Ö,a,…ô,…Į,Ňči,s…® Ē,…ôr,»Ķi,noŐÉ,lŇčŐ©,…ôr, ā Ö,ŇčŐ©,s…Ņ,…ôňě,…ôr,ji,e,…õ
 ā Ö i,san,san,z…ô Ē  Ēi…ô Ē, ā Ö i,s√¶ŐÉ,sAŐÉ,s…õŐÉn,sam,s…® Ē i Ē,s…ĎŇč,se,saŐÉ,saŐÉ,s√¶ŐÉ, ā Ö i,sa,s…Ņ i,san,saŐÉ,sam,san,saŐÉ
 ā Ö …ôr,s…Ņ,s…Ņ,z…ô Ē …ôl, ā Ö …ôňě,s…Ņ,s…Ņ,s…Ņ,si,s…® Ē …Ķ,s…Ņ,s…Ņ,si,si,s…Ņ, ā Ö …ôr,s…Ņ,s…Ņ …Į,s…Ņ,s…Ņ,sei,s…Ņ,s…Ņ
…ôr  ā Ö,u,u,…ôl z…ô Ē,…ôňě  ā Ö,u,u,vu,nŐ©,…Ķ s…® Ē,u,ŇčŐ©,ŇčoŐÉu,g…Ē,vu,…ôr  ā Ö,ŇčŐ©,…Į s…Ņ,vu,u,Ňč,u,vŐ©
…ôr  ā Ö i,nu,lu,»ĶiEŐÉ  Ēi…ô Ē,…ôňě  ā Ö i,l…ô Ē,lu,liou,liuk,…Ķ s…® Ē i Ē,li…ôu,lo Ē,lak,lak,li…ôu,…ôr  ā Ö i,l…§u,…Į s…Ņ i,li…§u,liou,luk,n…ô…Į,li…Į
,t…ēňąi,t…ēňąi, Ēi…ô Ē p…Ď Ē niEŐÉ  Ēi…ô Ē,i pai …ôňě  ā Ö i,t…ēňąi…ô Ē,t…ēňąi,t…ēňąi,tsňąit,i Ē p…Ď Ē …Ķ s…® Ē,t…ēňąi Ć Ē,t…ēňąi…™ Ē,tsňąik,tsňąit,t…ēňąi…ô Ē,i pai …ôr  ā Ö i,tsňąai,i p…§ …Į s…Ņ i,t…ēňąi,t…ēňąi,tsňą…źt,tsňąi,t…ēňąj
…ôr li,t…ēi…ôu,t…ēi…ôu,li…ĎŇč li,…ôňě li,t…ēi…Į,t…ēi…ôu,t…ēiou,kiu,li…ĒŇč li,t…ēi…ôu,t…ēi…§,kau,kau,t…ēi…ôu,…ôr li,t…ēau,niaŇč ni,t…ēi…§u,t…ēiou,k…źu,t…ēi…ô…Į,t…ēi…Į
…ôr li…ĎŇč,s…Ņ,s…Ņ,…ôl li…ĎŇč,…ôňě liaŇč, ā…ô Ē, ā Ö, ā Ö,s…ôp,…Ķ li…ĒŇč, ā Ć Ē,z…ô Ē,tsap,tsap,s…ô Ē,…ôr li…ĎŇč,zai,…Į niaŇč, ā Ö, ā Ö,s…źp, ā Ö, ā Ö
,s…Ņi,s…Ņ i,,, ā…ô Ē i…ô Ē, ā Ö i, ā Ö i,s…ôp it,, ā Ć Ē i Ć Ē,z…ô Ē i…™ Ē,tsap ik,tsap it,s…ô Ē i…ô Ē,,zai jai,, ā Ö i, ā Ö i,s…źp j…źt, ā Ö i, ā Ö j
,s…Ņ…ôr,s…Ņ …ôňě,,, ā…ô Ē a, ā Ö …ô, ā Ö …Į,s…ôp Ňči,, ā Ć Ē …ôr,z…ô Ē »Ķi,tsap zi,tsap li,s…ô Ē …ôr,,zai ŇčŐ©,, ā Ö …ôňě, ā Ö …ôr,s…źp ji, ā Ö e, ā Ö …õ
,…ôr s…Ņ,…ôňě s…Ņ,,,a  ā…ô Ē,…ô  ā Ö,…Į  ā Ö,Ňči s…ôp,,…ôr  ā Ć Ē,»Ķie,zi tsap,li tsap,…ôr s…ô Ē,,»Ķi,,…ôňě  ā Ö,…ôr  ā Ö,ji s…źp,e  ā Ö,…õ  ā Ö
,…ôr i,…ôňě s…Ņ i,,,a  ā…ô Ē i…ô Ē,…ô  ā Ö i,…Į  ā Ö i,Ňči s…ôp it,,…ôr  ā Ć Ē i Ć Ē,»Ķie i…™ Ē,zi tsap ik,li tsap it,…ôr s…ô Ē i…ô Ē,,»Ķi jai,,…ôňě  ā Ö i,…ôr  ā Ö i,ji s…źp j…źt,e  ā Ö i,…õ  ā Ö i
,i pe …ôr,i p…õ …ôňě s…Ņ i,,,i…ô Ē p…ź Ē a  ā…ô Ē i…ô Ē,i p…ô …ô  ā Ö i,i p…ô …Į  ā Ö i,it pak Ňči s…ôp it,,i Ć Ē pi Ć Ē …ôr  ā Ć Ē i Ć Ē,i…™ Ē pa Ē »Ķie i…™ Ē,,tsňąit pa Ē li tsap it,i…ô Ē pai …ôr s…ô Ē i…ô Ē,,ji pa »Ķi jai,,i pei …ôňě  ā Ö i,i pei …ôr  ā Ö i,,,
,ti …ôr,ti …ôňě,,,ts…Ņ a,ti …ô,ti …Į,tňąi Ňči,,ti …ôr,di »Ķi,toŐÉi zi,te li,ti …ôr,,dei ŇčŐ©,,ti i…ôňě,ti …ôr,t…źi ji,di e,ts Ö …õ
,…ôr niaŇč,…ôňě liaŇč,,,a li…ĎŐÉ,…ô liAŐÉ,…Į li…ĎŐÉ,Ňči lioŇč,,…ôr li…Ď,»Ķi liaŐÉ,noŐÉ nioŐÉ,lŇčŐ© liuŐÉ,li…íŐÉ li,,li…õ li,,…ôňě li…ĎŇč,…ôr liaŇč,ji lŇďŇč,e nian,…õ li…ĒŐÉ
,,,,,,,,,,,,,,,,,,,,,,
,,,,,,,,,,,,,,,,,,,,,,
,,,,,,,,,,,,,,,,,,,,,,
,,,,,,,,,,,,,,,,,,,,,,
,,,,,,,,,,,,,,,,,,,,,,
,,,,,,,,,,,,,,,,,,,,,,
,,,,,,,,,,,,,,,,,,,,,,
,,,,,,,,,,,,,,,,,,,,,,
,,,,,,,,,,,,,,,,,,,,,,
,,,,,,,,,,,,,,,,,,,,,,
,,,,,,,,,,,,,,,,,,,,,,
,,,,,,,,,,,,,,,,,,,,,,
,,,,,,,,,,,,,,,,,,,,,,
,,,,,,,,,,,,,,,,,,,,,,
,,,,,,,,,,,,,,,,,,,,,,
,,,,,,,,,,,,,,,,,,,,,,
,,,,,,,,,,,,,,,,,,,,,,
,,,,,,,,,,,,,,,,,,,,,,
,,,,,,,,,,,,,,,,,,,,,,
,,,,,,,,,,,,,,,,,,,,,,
,,,,,,,,,,,,,,,,,,,,,,
,,,,,,,,,,,,,,,,,,,,,,
