beijing_text.csv,chengdu_text.csv,guiyang_text.csv,hangzhou_text.csv,harbin_text.csv,hefei_text.csv,kunming_text.csv,lanzhou_text.csv,meixian_text.csv,pingyao_text.csv,shanghai_text.csv,shantou_text.csv,taibei_text.csv,taiyuan_text.csv,tianjin_text.csv,wenzhou_text.csv,wuhan_text.csv,wulumuqi_text.csv,xian_text.csv,xianggang_text.csv,xiangtan_text.csv,xining_text.csv
iouixuei,i蓹uxueit汀s晒泰,i蓹uixuei,蕯i酶蕯i蓹蕯m蓴t汀s晒泰,iouixuei,i莎xuet汀s蓹,i蓹uixuei,iouixuei,iuitpai,i蓹ui蕦蕯m蕦蕯,搔i嗓t拾蓱虄t汀s晒泰,ut汀sekt汀sua,ut汀sitpai,i蓹ui蓹蕯t汀s拾晒泰,iouixuei,jaujit汀s拾晒泰,i蓹uixui,i嗓uixuei,iouixuei,j蓯uj蓯tt汀s拾i,i蓹莎d蕫蓹nt汀s晒泰,i莎jxu扫sa
peif蓹艐k蓹nt拾aii蓱艐ainart蕚蓹艐t汀蓵i艐蕚eit蓹n蓹艐naita,pefo艐k蓹nt拾aiia艐t汀sain蓹rt汀s蓹nnaikonip蓹ns晒泰ta,p蓻fo艐t拾o艐t拾aiia艐t汀saiat蓻t汀senlakol蓻pens晒泰ta,po蕯fo艐t蓱蕯t拾嗓搔i蓱艐l蓱蕯h蓱t汀sent汀sen蓹l,peif蓹艐k蓹nt拾aiia艐t汀saineikarpait蕚拾嗓蕚eitit蕚a艐t蕚拾蓹艐ta,p蓯蕯f蓹艐k蓹n蕫蓹蕯t拾莎t汀s嗓la蓴t汀s蓹t汀s蓹nl蓹nxak蓹p蓹ns晒泰ta,p蓹fo艐忙t拾忙iA虄t汀s忙n蓹ti蓹t汀s蓹虄lu蓹虄nAk蓹n蓹p蓹虄s晒泰tA,p蓹f蓹虄nli蓻虄n蕫苫泰t拾out汀s蓻l蓻t拾at蕚拾蓴t蕚蓹f蓹feitip蓹虄n蕚苫泰ta,petfu艐t拾u艐艐itt拾euhoikeieauman艐inkepuns晒泰kuot拾ai,p蕦蕯xu艐xu蕫蕦蕯t蓹ui嗓t汀s忙u忙蕫蕦蕯t汀s蓹艐lu艐sueim蓹艐ti蕦蕯p蓹艐s晒泰tei,po蕯fo艐t蓹蕯t拾a搔ia虄t汀s蓹艐h蓴l蓹蕯le蕯t汀sa虄sa刹i艐搔蓹蕯p蓹艐z晒泰du,pakhua艐ka蕯azikt拾autoh莎koloata虄titia艐kaik拾a艐k拾ue艐e虄,pakh蓴艐ka蕯t拾aii蓴艐tihiasiot汀si虄k蓴艐k拾ua虄sia虄la艐k拾a蕯upunsu,peif蓹艐xu嗓i蓲虄p拾嗓t汀saivart汀蓵iat汀s蓹艐sueit蓹蕯p蓹艐s晒泰ta,peif蓹艐k蓹nt拾aii蓱艐t汀sain蓱x蓹rt汀s蓹艐t汀蓵i艐seitip蓹ns晒泰t蓱,paiho艐k拾u蓴t拾ajiz晒泰tadzi蓻刹ina艐kepa艐z晒泰d嗓ule,p嗓fo艐k蓹nt拾aiia艐t汀sainanit汀s蓹nsakuotip蓹ns晒泰ta,peif嗓艐k嗓艐t拾aiia艐t汀saineitat汀s嗓艐seitip嗓艐s晒泰ta,peif蓹艐ke虄蓹rt拾out汀saiuort汀s蓹艐seitipe虄s晒泰ta,p蓯kfu艐t拾u艐j蓯tt拾蓯uh蓯itouaupink蓴k蓻punsitai,p忙筛蓹nt蓲t拾aiiant蕚蓹nha莎dzait汀s蓹nn蓲kotip蓹ns晒泰dai,p扫f蓹虄t蓻蕫蓻t拾莎蓻liat蓻jt蕚拾v泰蓻t汀s蓹虄t汀蓵蓹虄t汀蓵i蓴虄f扫t汀s晒泰p蓹虄s晒泰ta
t蕚蓹艐lait蕚蓹艐t汀蓵拾yt汀蓵iou蕚苫泰f蓹nput蕚拾uk蓹k蓱utilai,t汀s蓹nkonait汀s蓹nkot汀蓵拾iet汀蓵i蓹uqes晒泰f蓹nput汀s拾ukau艐ai,t汀senlait汀sent汀蓵拾蓻t蓹us晒泰fenput汀s拾ukaotit汀s拾a艐tuanlai,pin蓱ko蕯ti蓹蕯penz晒泰do,pait蕚拾嗓laipait蕚拾嗓t汀蓵拾yt汀蓵ious苫泰pait蕚拾嗓put蕚拾uk嗓kautilai,t汀s蓹nl嗓t汀s蓹nt汀s拾丧t汀蓵i莎蕚苫泰p蓹蕯f蓹nk蓴t汀s晒泰,t汀s蓹虄l忙t汀s蓹虄k拾蓹t汀蓵i蓹u蕚苫泰f蓹虄put蕚拾uk蓹k蓴til忙,t蕚蓹虄nl蓻t蕚蓹虄nt汀蓵it汀蓵iou蕚苫泰f蓹虄npupf拾uk蓹k蓴til蓻,auloiauhimomakkekiatkuo,t汀s蓹艐l忙t汀s蓹艐t汀蓵拾yt汀蓵i蓹us晒泰xu艐p蕦蕯t汀s拾u蕦蕯xu忙k蓴til忙,t汀sa虄let汀sa虄t汀蓵拾iit汀sa虄v蓹蕯t汀蓵拾i艐s蓱虄搔蓹蕯z蓹艐ku蓱虄,alaiak拾莎t汀siusisiamt汀s拾uksuia虄,t汀si虄lait汀si虄k拾iiat汀si虄bot汀sitlesuia虄,t汀s蓹艐lait汀s蓹艐t汀蓵拾yt汀蓵i蓹us晒泰f蓹艐p蓹蕯t汀s拾u蓹蕯k嗓kautilai,t蕚蓹艐lait汀s蓹艐t汀蓵拾yxais晒泰f蓹nput汀s拾uk蓱utilai,dzi蓻ledzi蓻k拾eiaku蓴fut汀蓵拾yd嗓usailei,t汀s蓹nnait汀s蓹nk拾莎xais晒泰f蓹nput汀蓵拾ykuokautinai,t汀s嗓艐ku嗓lait汀s嗓艐ku嗓t汀蓵拾iti刹i艐s晒泰f嗓艐put蕚拾uk嗓k蓴ti蕚蓱艐蓵ia,t汀s蓹艐kuolait汀s蓹艐kuot汀蓵拾it汀sous晒泰fe虄pupf拾uk嗓kauti,aul蓯iauh酶yt汀s蓯uh蓯if蓯nmt汀s拾酶tkout蓯i,t汀s蓹nnait汀s蓹nt汀蓵拾iedzi蓹莎蕚苫泰筛蓹nput汀s拾inka莎ti,t汀蓵蓹虄l蓻t汀蓵蓹虄t汀蓵拾jt汀蓵i莎s晒泰f蓹虄pv泰t蕚拾v泰k蓴t汀s晒泰l蓻
t蕚eixy蓹rlail蓹k蓹t汀soutaurt蓹,ix蓹rnusa艐nainoikokannuni,t汀sent汀sait汀s晒泰kos晒泰x蓹ulusa艐lailakot汀s蓹ulul蓻,k蓹蕯ko蕯z晒泰ku蓱艐luk蓴dei蕯i酶ko蕯zent汀seikul嗓t蓹,t蕚嗓蕚苫泰xourtaur蕚a艐lail蓹k嗓t汀soutaurti,tik蓹蕚苫泰x莎l嗓t蕚蓹i蓹蕯k蓹t汀s莎luti蓹蕯,t蕚苫泰xAt汀s晒泰lu蕚A虄l忙l蓹k蓹kolun蓹,t蕚苫泰蕚苫泰t汀蓵i蓹lu蕚蓱虄l蓻l蓴ik蓹t汀souluti,ko艐haukes晒泰heuloiitt汀sakkuoluke艐in,t汀s蕦蕯t蕚蓹艐l蓹ul蓹ux蓴l忙l蓴xu忙t汀s蓹ut蓴t蓴ti蕦蕯,lul蓱虄蓵ia虄t汀s嗓kulei瑟蕯搔蓹蕯刹i艐,t汀siemue虄蕯loukolailiaukaikuelouna艐,t汀sitlesit汀sunl蓴pi虄aut汀sitlela艐kia虄kuelai,t汀sais晒泰x蓹ul蓹us蓲虄lailauk嗓t汀s蓹ul蓹ut蓹蕯,t汀seiku艐furlu蕚蓱艐lail蓹k蓹t汀sout蓱urti,kaiz晒泰t汀蓵il酶yjijaukai搔蓻l酶ykuna艐,t汀s嗓s晒泰x蓹un蓹usa艐nainiaukuot汀s蓹un蓹uti,t汀seik嗓s晒泰t汀蓵i嗓k嗓lus蓱艐ku嗓laili嗓k嗓kanluti,t蕚嗓k嗓s晒泰xouluxakuolaili蓻ik嗓蕫e虄,neit汀s蓯nsit拾iuloul蓯it汀s蓴k蓴ha艐louk蓻j蓯n,ko蕚苫泰蕚苫泰n蓹莎蕚蓴nnait蓲t蕚蓲t汀s蓹莎n蓹莎tiin,t蕚苫泰k蓴s晒泰x莎lv泰蕚蓴虄l蓻li蓴jk蓴t汀s莎lv泰t汀s晒泰
t拾a蕚蓹n蕚蓱艐t蕚拾uanl蓹t汀蓵iarxoutai,t拾as蓹nsa艐t汀s拾uantauit汀蓵ianx蓹utai,lasensa艐t汀s拾uant汀蓵拾it汀蓵ianx蓹utai,t拾蓱senk蓴deit汀s拾丧o虄t蓹蕯ie蕯d蕬i嗓虄搔eit拾蓱蕯i,t拾a蕚蓹n蕚a艐t蕚拾uant蕚蓹t汀蓵ianxoutai,t拾a蕚蓹n蕚蓱虄t蕚拾蕣虄t汀蓵i瑟虄x莎tat蕚拾蓱虄,t拾蓹蕚蓹虄蕚A虄t蕚拾uA虄t蓹t汀蓵i蓻x蓹ux蓹un蓹tAi,la蕚蓹虄n蕚蓱虄pf拾蓻虄nl蓴t汀蓵i蓻虄nxoutai,kis蓹nho艐t汀sokeitk拾ianp拾unmienau,u蕦蕯t汀蓵i蓱蕚蓹艐x蓴t汀s拾u蓹ti蕦蕯t汀蓵i嗓蓵y艐蓴蕫蕦蕯,s蓹艐l蓱虄t汀sa蕯l蓹蕯i瑟蕯d蕬i搔嗓dai,isi艐te艐t汀s拾e艐kaikaukaukaitualau,isink拾ut汀s拾i艐tio蕯t汀sitlia虄kautuai,t拾as蓹艐s蓲虄t汀s拾u忙虄laut汀蓵iex蓹utat汀s拾蓲虄,t拾蓱s蓹ns蓱艐t汀s拾uant蕚蓹t汀蓵iarxout蓱i,sa艐jit汀蓵ad蕬igaukedaji,t拾as蓹nsa艐t汀s拾uantaut汀蓵i蓻nx蓹utai,蕚嗓艐x蓱艐t蕚拾uantiit汀蓵iant汀s晒泰x嗓utai,蕚e虄xapf拾a虄li蓻t汀蓵iarxoutat蕚拾a艐,k拾酶yt汀s艙kt汀sykinh蓯utail蓯u,t拾蓲蕚蓹n蕚蓴nt汀蓵拾ye虄t蓲id蕬ie虄搔蓹莎i筛u,t汀蓵ia蕚蓹虄蕚蓴虄t蕚拾ua虄li蓴jt汀蓵ia虄x莎taj
tamliat汀蓵iou蕚uox蓱ul蓹,t拾am蓹nnia艐ko蓵iant汀蓵ia艐xauno,lamenlia艐kot蓹usoxao,po蕯fo艐t蓱蕯t拾嗓搔i蓱艐d蕬i酶s丧蓹蕯h蓴t蓹,t拾am蓹nliat汀蓵iou蕚uoxaul蓹,t拾am蓹nt汀蓵i莎t汀蓵i蓱虄x蓴t蕚蓹,t拾蓹m蓹虄liA虄k蓹t汀蓵拾i蓻虄t汀蓵i蓹upA虄x蓴t蓹,t拾am蓹虄nli蓱虄k蓹t汀蓵iouf蓹ti虄nl蓴,kilio艐ke艐int汀s拾iuko艐hauve,u蕦蕯t汀蓵i蓱li蓱艐xu忙su蕦蕯x蓴l蓱,搔ilalia虄kad嗓蕬i嗓搔ua虄to艐d蓴k蓱虄h蓴,ina艐no虄na艐t汀siut汀s拾ot汀s拾ia艐hota虄,inl艐etio蕯k蓴艐ho,t拾am蓹蕯liat汀蓵i蓹usua蕯xaulie,t拾蓱m蓹nli蓱t汀蓵iousuox蓱ul蓹,gili蓻kain蓯j嗓uku蓴,t拾am蓹nnia艐kuot汀s蓹usuoxauniau,刹iam嗓艐li蓱艐k嗓f嗓t拾u嗓li嗓,,k拾酶yteil艙艐k蓴t汀s蓯uk蓴艐ti艐t汀s蓴,t拾蓲init汀蓵拾idzi蓹莎k蓴nha莎t蓲,t汀蓵iam蓹虄liat汀蓵i莎f蓴x蓴li蓴
蕚ein蓹艐蓵iant汀蓵i蓱ut蕚eik蓹t汀sout蓱urt蓹pait拾at蓹xoutait拾uo蓵ialai,k拾annakon蓹nk蓹u蓵iant汀蓵iaut汀sekokannunit拾o蓵iat拾anix蓹utai,lako蓵ia艐t汀蓵iaot汀s晒泰kot汀s蓹ulul蓻t拾o蓵ialal蓻x蓹utailai,n蓱ko蕯nent汀蓵i蓴t汀蓵i蓹蕯ko蕯t汀seiluk蓹蕯l蓴kuo虄p蓹蕯搔eid蓱蕯it拾o蕯lo蕯l嗓,蕚ein蓹艐蓵iant汀蓵iaut蕚eik嗓t汀soutaurtit拾uo蓵iat拾atixoutai,xak蓹l蓹nt汀蓵i蓴tik蓹t汀s莎luti蓹蕯t拾u蓯蕯ti蓴x莎tat蕚拾蓱虄,nAk蓹t汀蓵拾i蓻虄xA虄t蕚苫泰k蓹kolun蓹t拾o蓵iAt拾蓹n蓹x蓹utAi,k拾蓻虄nfeil蓹虄n蓵i蓻虄nt汀蓵i蓴t蕚苫泰k蓹t汀soulutipat拾atixoutait拾u蓹t蓴,man艐inhenenkeusienhamket汀sakkuoluke艐int拾othakis蓹nho艐kep拾unmienau,suein蓹艐蓵i嗓t汀蓵i蓴u蕦蕯xu忙t汀s蓹ut蓴t蓴ti蕦蕯蓵y艐蓴蕫蕦蕯l忙,t汀蓵拾ias晒泰sa刹i艐n蓹艐k嗓蓵it汀蓵i蓴di瑟蕯搔蓹蕯t汀s嗓lu搔蓹蕯刹i艐t拾蓹蕯t拾蓹蕯搔i搔蓹蕯搔嗓dai,titia艐upia艐so虄ikiot汀sikaikuelouna艐t拾莎艐tiauh莎kaitualau,k拾ua虄sia虄la艐si艐uhuattokiohitlela艐t拾艐k拾iietuai,suein蓹艐蓵iet汀蓵iauvait汀s蓹ul蓹ut蓹蕯t拾ua蕯xalait拾at蓹蕯x蓹utat汀s拾蓲虄,sein蓹艐t汀蓵拾iant汀蓵i蓱ut汀seik蓹t汀sout蓱urtilie莽i蓱t拾蓱t蓹xout蓱i,t汀s拾晒泰a刹ina艐na艐de搔蓻l酶ykuna艐kegaudajit拾ai搔u蓴蓵i,nakuon蓹n蓵i蓻nt汀蓵iaut汀s嗓kuot汀s蓹un蓹utit拾ip蓵iat拾atix蓹utai,nak嗓蕫嗓艐tan蓵iant汀蓵i蓴t汀seik嗓kanlutit拾u嗓ti蓴t拾atix嗓utai,,pink蓴n蓯艐k蓯us蓯it蓯kneik蓴ha艐louk蓻j蓯nt汀s拾酶yt蓯ik拾酶ykinhautail蓯u,n蓲kon蓹nsie虄t汀蓵ua莎kot蕚蓲t汀s蓹莎n蓹莎tiint拾ok蓲t拾蓲ti搔蓹莎i筛u,f扫n蓹虄蓵ia虄t汀蓵i蓴t蕚苫泰k蓴t汀s莎lv泰t汀s晒泰pax莎tajt拾u蓴虄xal蓻
t汀蓵iousuan蕚eit蓹n蓹艐naita,t汀蓵i蓹usuannakonip蓹ns晒泰ta,t汀蓵iusuanlakol蓻pens晒泰ta,d蕬i酶s丧o虄n蓱ko蕯tipenz晒泰do,t汀蓵iousuan蕚eitit蕚a艐t蕚拾蓹艐ta,t汀蓵i莎s蕣虄xak蓹ti蓹蕯p蓹ns晒泰ta,t汀蓵i蓹usuA虄nAk蓹n蓹p蓹虄s晒泰tA,t汀蓵iousu蓻虄nfeitip蓹虄n蕚苫泰ta,t汀s拾iusonman艐inkuoiupuns晒泰,t汀蓵i蓹usu蓱艐sueiti蕦蕯p蓹艐s晒泰tei,蕬i嗓s酶sa刹i艐搔蓹蕯p蓹艐z晒泰du,t汀sius莎艐t汀sotitia艐kaik拾a艐k拾ue艐e虄,tio蕯s艐泰k蓴艐sia虄la艐punsutua,t汀蓵i蓹usu忙虄sueit蓹蕯p蓹艐s晒泰ta,t汀sousuanseitip蓹ns晒泰t蓱,j嗓us酶a刹ina艐pa艐z晒泰d嗓u,t汀s蓹usannakuotip蓹ns晒泰ta,t汀蓵i嗓usuannak嗓蕫嗓艐tit蕚蓱艐t蕚拾嗓艐ta,t汀sousua虄seitipe虄s晒泰ta,t汀s蓯usynpink蓴k蓻punsitai,dzi蓹莎s蓴nn蓲kotip蓹ns晒泰dai,t汀蓵i莎sua虄f扫t汀s晒泰p蓹虄s晒泰ta
peif蓹艐t汀蓵iouik蓹t汀蓵i蓹rt蓹kual蓹t汀蓵拾ilai,pefo艐t汀蓵i蓹ut汀sant汀蓵innit汀s拾ueit汀蓵拾inai,p蓻fo艐t蓹ut汀sant汀蓵int汀sant汀蓵inl蓻t汀s拾ueit汀蓵拾ilai,po蕯fo艐d蕬i酶搔io艐d蕬inku蓱蕯t汀蓵拾il嗓,peif蓹艐t汀蓵iou蕚苫泰t汀蓵i蓹rtikuat汀蓵拾ilail蓹,p蓯蕯f蓹艐t汀蓵i莎t蕚拾u蓹蕯t汀蓵int蕚拾uet汀蓵i蓱虄t汀s拾晒泰l嗓,p蓹fo艐t汀蓵i蓹u蕚苫泰lin蓹kuAt汀蓵拾il忙,p蓹f蓹虄nt汀蓵iou蓵iat蕚拾atikuak拾蓻l蓴,petfu艐t汀s拾iut汀s拾inkuathiloi,p蕦蕯xu艐t汀蓵i蓹us晒泰t汀蓵i艐t汀蓵i艐tiku蕦蕯,po蕯fo艐d蕬i嗓搔io艐t汀so蕯t汀s晒泰li瑟蕯t汀蓵拾id蕬io艐t汀s拾晒泰pa蕯t汀s拾晒泰l蓹蕯,ta虄tikpakhua艐t汀siut汀s拾uklakt汀s拾e虄t拾au,pakh蓴艐tio蕯p拾a蕯pia虄t汀s拾ek拾ilai,peif蓹艐t汀蓵i蓹us晒泰t汀蓵i蓹艐rt蓹蕯kua蕯k拾ailie,peif蓹艐t汀蓵ious晒泰t汀蓵i蓹rtiku蓱t汀蓵拾ilail蓹,paiho艐p拾e艐me艐t汀s拾晒泰,ys晒泰p嗓fo艐t汀s蓹u艐uos晒泰tikuat汀蓵拾inainiau,peif嗓艐t汀蓵i嗓uf蓱艐t蕚anli嗓s晒泰t汀蓵i艐kuat拾u嗓li嗓,peif蓹艐t汀soukut汀蓵i蓹rtikuak拾aili蓻,p蓯kfu艐t汀s蓯ut汀s拾酶tlikk蓯mkwatheis艙艐l蓯ilak,p忙筛蓹nni蓹莎蕚苫泰t汀sant汀蓵in筛蓲t汀蓵拾i筛蓹nnai,p扫f蓹虄t汀蓵i莎xu蕚蓴虄l蓴mi蓹虄t蕚ut蕚拾u扫t拾uli蓴
pukuopeif蓹艐y蓻蕚苫泰kuat蓹lixai,蓵iauteput拾at汀s拾ueiteye蓵yo艐,tanpukos晒泰lat汀s拾ueit蓻i蓻蓵io艐,n蓱蓵i蓴t蓹蕯t拾蓱搔y蓹蕯z晒泰ku蓱蕯t蓹蕯刹i搔嗓,pukuot拾ay蓻蕚苫泰kuatilixai,xa蓵i蓴t蓹nt拾at蕚拾ueti蓹蕯y蓯蕯蓵i艐,pukot拾蓹i蓻fAkuAn蓹lix忙,k拾蓹蕚苫泰t拾akuatiy蓹蓵y虄n,putkuokiiatkuat,u蕦蕯t汀蓵i蓱y蕦蕯s晒泰ku蕦蕯ti蕦蕯lix忙,po蕯kut汀蓵i蓴sa搔i搔y瑟蕯t汀s拾晒泰t蓹蕯t汀蓵i瑟蕯ku蓹nm蓹蕯,t汀sot汀saiit拾auzutualak,m泰koilut汀s拾e,p蓹蕯ku嗓t拾akua蕯ti蓹蕯y蓹蕯lixai,pukuot拾蓱yeku蓱tiliexai,刹au蓵ateipaiho艐jyz晒泰t汀s拾晒泰t汀蓵ai蓵y蓴,k拾uos晒泰t拾ayes晒泰kuat嗓蓵io艐,tant拾akuatiy嗓s晒泰t汀蓵i艐ta,t拾ay蓻kuay蓻ta,p蓯tkw蓴k拾酶yjyth蓯ikwatt蓯ks蓯ilei,t蕚苫泰蕚苫泰t拾蓲y忙t汀sant汀蓵int汀蓵拾yei,f扫t蕚苫泰t蓴t汀蓵iayut蕚拾u扫t蕚ul泰x蓻
nak蓹t汀sout蓱urt蓹paitaikuot蓹y蓻蕚苫泰t汀蓵in,nakokannunipataikoteyet汀蓵in,akot汀s蓹ulul蓻pataikot蓻i蓻t汀蓵in,n蓱ko蕯t汀seiluk蓹蕯l蓴kuo虄p蓹蕯senk蓴deik蓹蕯d蓱蕯i搔y蓹蕯z晒泰kut蓹蕯l蓴,neik嗓t汀soutaurtipataikuotiy蓻t汀蓵in,lak蓹t汀s莎luti蓹蕯t汀蓵i莎patat蕚拾蓱虄k蕣ti蓹蕯y蓯蕯t汀蓵in,n蓹k蓹kolun蓹忙tAikon蓹i蓻fAt汀蓵i虄,l蓻k蓹t汀soulutit汀蓵ioupataiku蓹tiy蓹t汀蓵i虄n,ket汀sakkuoluke艐inpakiemienauemtetiatkin,u蕦蕯xu忙t汀s蓹ut蓴t蓴ti蕦蕯p蓱u忙蓵y艐蓴蕫蕦蕯kueiti蕦蕯y蕦蕯t汀蓵i艐,di瑟蕯搔蓹蕯t汀s嗓lu刹i艐d蕬i嗓nedaikut蓹蕯搔y瑟蕯t汀蓵i艐,h莎kaikuelouna艐t汀suzuke艐tuikaitualauka蕯ima虄ubopia艐ou,hitlela艐t汀sio艐tuaiguiluan,vait汀s蓹ul蓹ut蓹蕯patat汀s拾蓲虄ku嗓ti蓹蕯y蓹蕯t汀蓵i蓹艐,neik蓹t汀sout蓱urtip蓱t蓱ikuotiyet汀蓵in,搔蓻l酶ykuna艐dedajipu蓴lo艐jyt汀蓵a艐,nakuot汀s蓹un蓹utit汀s蓹upataikuot嗓yet汀蓵in,neik嗓kanlutipatait汀蓵i嗓uy嗓ku嗓tiian蕚苫泰,uk嗓t汀soulutipatat蕚拾a艐y蓻kuoy蓻t汀蓵ie虄,k蓴k蓴ha艐louk蓻j蓯nt汀s艙艐kinl蓯ulamtoujyts蓯t,n蓲t蕚蓲t汀s蓹莎n蓹莎tip蓲daiikut忙y忙t汀蓵in,n蓻k蓴t汀s莎lv泰t汀s晒泰patajkut蕚uyut汀蓵i蓹虄na
xoulain蓹peif蓹艐t汀蓵ioumeit蕚嗓l蓹,x蓹unainepefo艐motefano,kanx蓹up蓻fo艐meit蓻panfala,搔eiseil嗓po蕯fo艐m蓹蕯蕯i酶b嗓虄f蓱蕯,xouy蓹rpeif蓹艐meit蕚aurl蓹,x莎l嗓p蓯蕯f蓹艐mef蓯蕯t汀s晒泰,x蓹u蕚蓹up蓹fo艐m蓹ut蓹pA虄fA,xoul蓻p蓹f蓹虄nm蓹t蕚苫泰l蓴,taumihapetfu艐mop拾anfappe,x蓹u蕚蓹u蕫蕦蕯p蕦蕯xu艐m蕦蕯p蓱艐xu蕦蕯,搔嗓s嗓lepo蕯fo艐搔m泰m蓹蕯t汀蓵i艐l蓹蕯,ma艐aupakhua艐bopia艐ou,aulaipakh蓴艐bohuatto,x蓹ulaipeif蓹艐m蓹蕯farlie,xoui蓹rpeif蓹艐meit蕚嗓l蓹,paiho艐naubaho,x蓹unaip嗓fo艐maut嗓fat汀s晒泰,t蓴x嗓ut拾嗓upeif嗓艐m嗓=t嗓u刹ianli嗓,peif蓹艐mofarli蓻,h蓯umeip蓯kfu艐mouk蓯ilak,搔蓹莎p蓹id蓹莎p忙筛蓹nma莎t忙ban筛蓲t蓲,x莎l蓻p扫f蓹虄m蓴pa虄fali蓴
t蕚苫泰x蓱ulat蓱ul蓹,t汀蓵i蓹ut汀s晒泰xausuanno,t蓹u晒泰t汀s晒泰xaosuanla,t汀s蓹蕯h蓴l蓱t蓴t蓹,t蕚苫泰xaut汀蓵iousuanl蓹,t蕚蓹蕯x蓴t汀蓵i莎s蕣虄t蕚蓹,t蕚苫泰x蓴suA虄l蓹,t蕚苫泰x蓴pat蓴l蓴,,t汀s晒泰x蓴t汀蓵i蓹usu蓱艐li蓱,t汀s蓹蕯h蓴v蓹蕯t汀s拾晒泰l蓹蕯,t汀sihosua艐ou,t汀sihosua蕯sua蕯k拾i,t汀s晒泰xaut汀蓵i蓹usu忙虄lie,iet汀蓵iousuanl蓹,t汀s晒泰h蓽蓵i搔u蓴,t汀s晒泰xaut汀s蓹usanniau,i嗓t汀蓵i嗓ut汀su嗓pali嗓,t汀s晒泰teisua虄li蓻,w蓯ij蓯ut汀s蓯usynsoulak,t蕚苫泰ha莎dzi蓹莎s蓴nt蓲,t汀s晒泰x蓴sua虄li蓴
kuol蓹it蕚蓹nt汀s晒泰,konoit汀s蓹n,koaoixaxa,kul蓹蕯i蓹蕯蓵ie蕯蓹l,kuol蓹ixu蓹r,k蕣i蓹蕯蕚蓯蕯,kol蓹i蓵i蓴xA,ku蓹l蓴i蕚苫泰莎,kuoeitha,kueil蓴i蕦蕯t蕚蓹艐t蕚蓹艐,net汀so艐m蓹蕯,ke蕯t汀sekk拾u艐kia虄,boguaku,ku嗓laui蓹蕯t汀s蓹艐t汀s蓹艐,kuol蓹puxu蓹r,kujio艐泰,kuoniauixar,i嗓uku嗓li嗓it蕚嗓艐t汀s晒泰,kuoli蓻ixa,kw蓴t汀s蓴j蓯tt汀s蓯n,kut蓲ik拾忙d蕬i,kuli蓴jkuakua蓻
t拾aii蓱艐t蕚拾ulail蓹,t拾aiia艐ko艐t汀s拾unaino,t拾aiia艐t蓹ut汀s拾ulailo,t拾嗓搔i蓱艐t汀s拾丧蓹蕯l嗓t蓹,t拾aiia艐t蕚拾ulail蓹,蕫蓹蕯t拾莎t蕚拾u蓹蕯l嗓t蕚蓹,t拾忙iA虄t蕚拾ul忙l蓹,蕫苫泰t拾oupf拾ul蓻l蓴,艐itt拾eut汀s拾utloiie,蕫蕦蕯t蓹ui嗓t汀s拾u蕦蕯l忙l蓱,t拾a搔ia虄t汀s拾蓹蕯lel蓹蕯,zikt拾aut汀s拾uklaiou,t拾aii蓴艐t汀s拾utlailo,i蓲虄p拾嗓t汀s拾u蓹蕯lailie,t拾aii蓱艐t汀s拾ulail蓹,t拾ajisat汀蓵拾y,t拾aiia艐t汀蓵拾ynainiau,t拾aii蓱艐t蕚拾ulaili嗓,蓹rt拾oupf拾ulaili蓻,j蓯tt拾蓯ut汀s拾酶tl蓯ilak,t拾aiiant汀蓵拾ynait蓲,蕫蓻t拾莎蓻t蕚拾v泰l蓻li蓴
t拾axuolalat蓹n蓹mi蕚ai,t拾axop拾iaup拾iauniisai,laz蓻xo艐xo艐l蓻isai,t拾蓱hol蓱蕯l蓱蕯ti蕯i蓹蕯s嗓,t拾axuolatii蕚ai,t拾a蕫蓯蕯xuxui蓹蕯蕚嗓,t拾蓹xolAlAn蓹蕚忙l蓹ixA,t汀s苫泰lalatii蕚蓻,艐itt拾eulatlatkunitsai,u蕦蕯t汀蓵i蓱xuei艐蓴艐蓴tii蕦蕯s忙,搔ila蕯hua蕯hua蕯搔蓹蕯i瑟蕯so,it汀sekep拾akt拾o艐ko虄isiokuehue,litt拾aut汀s拾ia蕯iamiamtitp拾ak,t拾at汀s蓹蕯t汀sait汀saitii蓹蕯saix蓲虄,t拾蓱xuo蕚蓱uxuoli蓱utiisai,mi蓻pi蓻刹id嗓ut汀s晒泰jisa,t拾axuonanatiisai,t拾anuannuanxu嗓xu嗓tiisai,t拾al蓹艐k蓹rtisai,k拾酶yhi艐h蓯ph蓯pk蓯mj蓯tsai,t拾蓲hon蓲n蓲tiisai,t汀蓵ia蕚蓴xu蓹虄s晒泰lat汀s晒泰js蓻
neik蓹t汀sout蓱urt蓹xoutaikeit拾uo蓵ialail蓹,nakokannunimasa艐t汀蓵i蓹upanat汀蓵ianx蓹utait拾ono,akot汀s蓹ulul蓻limat蓹upaat汀蓵ianx蓹utait拾o蓵ialaila,n蓱ko蕯t汀seiluk蓹蕯l蓴kuo虄t蓱艐m蓱艐d蕬i酶p蓹蕯k蓹蕯d蕬i嗓虄搔eid蓱蕯it拾o蕯lo蕯l嗓t蓹,neik嗓t汀soutaurtima蕚a艐t汀蓵ioupaneit汀蓵ianxoutait拾ip蓵ialail蓹,lak蓹t汀s莎luti蓹蕯k蓹nt蕚蓹t汀蓵i莎pax莎tat蕚拾蓱虄t拾u蓹蕯t蓹蕯t蕚蓹,n蓹k蓹kolun蓹mA蕚A虄t汀蓵i蓹u忙n蓹t汀蓵i蓻虄x蓹utAit拾o蓵iAl忙l蓹,l蓻k蓹t汀soulutiixat汀s晒泰t汀蓵ioupat拾atil蓻k蓹xoutait拾u蓹xal蓻l蓴,ket汀sakkuoluke艐inlitlakt汀s拾iupakis蓹nho艐kek拾ianp拾unmienaut拾othaloiie,u蕦蕯xu忙t汀s蓹ut蓴t蓴ti蕦蕯t汀蓵i艐k蓱艐t汀蓵i艐t汀蓵i蓹up蓱u蕦蕯t汀蓵i嗓t汀蓵i嗓蓵y艐蓴蕫蕦蕯t拾u蕦蕯x蓱l忙li蓱,di瑟蕯搔蓹蕯t汀s嗓lu刹i艐maz蓱虄蕬i嗓neid蕬idait拾蓹蕯搔olel蓹蕯,h莎kaikuelouna艐t汀siaksit汀siutuikaitualauka蕯it拾莎艐t拾莎艐tiau,hitlela艐tio蕯kua虄kinkahitlia虄tuait拾艐lo蕯lai,vait汀s蓹ul蓹ut蓹蕯li蓹蕯mat汀蓵i蓹upatat汀s拾蓲虄t拾ua蕯xalailie,neik蓹t汀sout蓱urtim蓱蕚蓱艐t汀蓵ioup蓱neit汀蓵iarxout蓱ilie蓵i蓱lail蓹,搔蓻l酶ykuna艐kyt汀蓵a艐degaudajimu蓴lot拾ai,nakuot汀s蓹un蓹utimasa艐t汀s蓹upanat汀蓵i蓻nx蓹utait拾ip蓵ianainiau,neik嗓kanlutipaneit汀蓵iant汀s晒泰x嗓utailimert汀蓵i嗓ut拾u嗓tioli嗓,uk嗓t汀soulutisaiti蕚oupuliau,k蓴k蓴ha艐louk蓻j蓯nlint汀s拾酶yt汀s蓯ut汀s艙艐k蓴kinh蓯utail蓯ut汀s拾酶yl蓴kl蓯ilak,n蓲t蕚蓲t汀s蓹莎n蓹莎tini蓹莎蕚苫泰dzi蓹莎p蓲n蓲t蕚蓲搔蓹莎i筛ut拾ok蓲t蓲,n蓻k蓴t汀s莎lv泰t汀s晒泰t汀蓵i蓹虄t蕚蓴t汀蓵i莎pan蓻k蓴x莎tajt拾ut蕚uxal蓻li蓴
t蕚ei蓵iarpeif蓹艐t蕚苫泰xau蕫蓹nt拾oul蓹,t汀set汀s蓹nt汀s晒泰pefo艐t汀s晒泰tez蓹nsu,t汀s晒泰xueip蓻fo艐t汀s晒泰xaot汀s拾enzen,po蕯fo艐t汀s蓹蕯h蓴dzenzen,t蕚ei蓵iarpeif蓹艐t蕚苫泰xaut蕚拾蓹艐蕫蓹n,tixuet汀s蓹p蓯蕯f蓹艐t蕚蓹蕯x蓴t蕚拾蓹n蕫蓹n,t蕚苫泰xAt汀s晒泰p蓹fo艐t蕚苫泰t蓹t蕚拾蓹虄蕫蓹虄,t蕚苫泰ixap蓹f蓹虄nt蕚苫泰x蓴蕫蓹虄nfu,kehapetfu艐t汀s晒泰haus蓹n艐in,t汀s蕦蕯x蓱x蓱p蕦蕯xu艐t汀s晒泰x蓴t蕚拾蓹艐蕫蓹艐,nem蓹蕯po蕯fo艐t汀s蓹蕯h蓴z蓹艐刹i艐,t汀siepakhua艐bopia艐t汀sia虄se艐zi艐ta虄,t汀sitsia虄pakh蓴艐t汀siholinsu,t汀s蓹蕯xapeif蓹艐t汀s晒泰xaut汀s拾蓹艐z蓹艐,t汀sei蓵i蓱rpeif蓹艐t汀s晒泰x蓱uinl蓹,kina艐jileipaiho艐t汀s晒泰h蓽ze艐刹a艐,t汀s嗓xarp嗓fo艐t汀s晒泰xaut汀s拾蓹nn蓹n,t汀seiixapeif嗓艐t汀蓵i嗓ut汀s晒泰tei蕫嗓艐t蕚蓱艐li嗓,ma蕚a艐t汀soupaxoutat蕚拾a艐t拾uoxalaili蓻,neihap蓯kfu艐w蓯ij蓯usi艐ji艐,ko搔蓲t汀s晒泰p忙筛蓹nt蕚苫泰ha莎in蓵y,t蕚苫泰jkuapif蓹虄t汀s晒泰x蓴t蕚拾蓹虄蕫蓹虄
t拾amliat蕚u蓹艐t汀蓵ianrxai蕚苫泰t拾aii蓱艐t蓹n蓹艐naita,t拾am蓹nnia艐kot汀so艐t汀蓵ianxais晒泰t拾aiia艐nip蓹ns晒泰ta,lamenlia艐kot汀so艐t汀蓵ianxais晒泰t拾aiia艐l蓻pens晒泰ta,t拾蓱menli蓱艐ko蕯t蓱艐t汀so艐搔蓱z晒泰t拾嗓搔i蓱艐k蓹蕯penz晒泰do,t拾am蓹nliata艐t蕚u艐xai蕚苫泰t拾aiia艐tit蕚a艐t蕚拾蓹艐ta,t拾ali蓱虄k蓹t蓱虄t蕚蓹艐x嗓蕚苫泰蕫蓹蕯t拾莎p蓹ns晒泰ta,t拾蓹m蓹虄liA虄k蓹tA虄t蕚o艐x忙蕚苫泰t拾忙iA虄n蓹p蓹虄s晒泰tA,t拾am蓹虄nli蓱虄j蓹t蓱虄pf蓹虄nx蓻虄n蕚苫泰蕫苫泰t拾outip蓹虄n蕚苫泰ta,kilio艐ke艐into艐t汀su艐hanhe艐itt拾eukuoiupuns晒泰,u蕦蕯t汀蓵i蓱li蓱艐xu忙tu蓹t汀su艐x蓱艐s晒泰蕫蕦蕯t蓹ui嗓ti蕦蕯p蓹艐s晒泰tei,lia虄kad嗓t蓱虄t汀so艐搔ez晒泰t拾a搔ia虄搔蓹蕯p蓹艐z晒泰du,ina艐no虄na艐hua虄siazikt拾aukaik拾a艐k拾ue艐e虄,inl艐泰etio艐kaniasit拾aii蓴艐punsuk拾a蕯tua,t拾am蓹蕯liak嗓xais晒泰niai蓲虄p拾嗓t蓹蕯p蓹艐s晒泰ta,t拾蓱m蓹nli蓱t蓱艐t汀su艐xais晒泰t拾aii蓱艐tip蓹ns晒泰t蓱,gili蓻kaivaz晒泰t拾ajikepa艐z晒泰d嗓ule,t拾am蓹mnia艐kuonit拾蓹uxais晒泰t拾aiia艐tip蓹ns晒泰ta,t蓴t拾嗓ulait拾am嗓艐li蓱艐k嗓蕫嗓艐t蓱艐t蕚u艐xans晒泰t拾aii蓱艐tit蕚蓱艐t蕚拾嗓艐ta,t蕚eiixapeif蓹艐t汀s晒泰tei蕫e虄li蓻,k拾酶yteil艙艐k蓴t汀su艐kant汀su艐h蓯ij蓯tt拾蓯uk蓻punsitai,t拾蓲inniankot蕚蓹nkan搔ai蕚苫泰t拾aiiantipan蕚苫泰dai,t汀蓵iam蓹虄liat蓴虄t蕚u蓹虄x蓻s晒泰蕫蓻t拾莎蓻t汀s晒泰p蓹虄s晒泰ta
,,,,,,,,,,,,,,,,,,t拾aliata艐pf蓹艐nixais晒泰蓹rt拾outipe虄s晒泰ta,,,
