beijing,chengdu,guiyang,hangzhou,harbin,hefei,kunming,lanzhou,meixian,pingyao,shanghai,shantou,taibei,taiyuan,tianjin,wenzhou,wuhan,wulumuqi,xian,xianggang,xiangtan,xining
蕚eiauo蕚苫泰lausan,nako艐os晒泰nausan,lako艐os晒泰laosan,n蓱ko蕯艐oz晒泰l蓴s嗓虄,蕚eiiauo蕚苫泰蓵iausar,xak蓹蕣蕚苫泰l蓴s忙虄,nAk蓹o蕚苫泰l蓴sA虄,fei蕚av蓹蕚苫泰l蓴s蓻虄n,man艐inna艐aiheasam,sueili蕦蕯艐i嗓s晒泰l蓴s蓱艐,sa刹i艐艐uz晒泰a蕯se,titia艐uakaiaalusa虄,sia虄bi虄蕯la艐guasilausa虄,sueil嗓桑嗓s晒泰laus忙虄,seii蓱uos晒泰l蓱usan,a刹ina艐a艐泰z晒泰l蓽sa,nakuo艐uos晒泰nausan,seiik嗓v嗓s晒泰l蓴sanik嗓,sei艐嗓s晒泰lausa虄,pink蓴a艐蓴h蓯iasam,n蓲ko艐o蕚苫泰na莎san,f扫an蓴s晒泰l蓴sa虄na
laus晒泰n蓹t拾at蕚蓹艐k蓹nip拾蓹艐iou蕚uot蕚蓹xuarn蓹,naus晒泰nant拾at汀s蓹nt汀saik蓹nikop拾o艐i蓹usoxuani,laos晒泰l蓻lat汀sent汀saixoikop拾o艐i蓹usot汀蓵拾ixual蓻l蓻,l蓴s晒泰n蓹t拾蓱d蕬it汀蓵拾i蓴do艐蕯i蓹蕯ko蕯bo艐蕯i酶l蓱蕯h蓱s丧蓹蕯搔u蓱蕯丧,laus晒泰n蓹t拾at蕚蓹艐k蓹nik嗓p拾蓹艐ioulauk拾嗓rn蓹,l蓴s苫泰t汀s嗓lak蓹t汀s蓹t拾ak蓹ni蓹蕯k蓹p拾蓹ni莎t汀蓵i蓱虄t蕚苫泰xuat汀s嗓,l蓴s晒泰n忙t拾蓹t汀s忙忙ik蓹po艐i蓹ut汀蓵iA虄t蕚蓹xuA,l蓴蕚苫泰l蓻t拾at蕚蓹虄nli蓻虄nik蓹p蓹虄niouf蓹xuat蕚蓹li,asiakit汀sa艐t拾u艐itt汀sakp拾eniuhokkeeliau,l蓴s晒泰li蕦蕯u蕦蕯t汀蓵i蓱t蕚苫泰xuxu忙p拾蓹艐i蓹ut蓴蓵i蕦蕯li蕦蕯,s晒泰neit汀s蓹艐la蕯heta蕯i瑟蕯搔蓹蕯b蓱虄搔i嗓k蓱虄搔e搔o,alausine虄it汀sia虄ka蕯kaip拾e艐iulota虄ue,lausieleit艐泰teka蕯t汀sitlepi艐iuk蓴艐ue,laus晒泰l嗓t拾at汀s蓹艐k蓹艐i蓹蕯k嗓p拾蓹艐i蓹utau蓵i蓹蕯l嗓,l蓱us晒泰n蓹t拾蓱t蕚蓹艐k蓹nik蓹p拾蓹艐iou蕚uot蕚蓹xu蓱n蓹,l蓽s晒泰neigit汀se艐z晒泰tat拾u蓴jikaibo艐jauku蓴蓵y搔o,naus晒泰niet拾ataik蓹nikuop拾o艐i蓹usuoxua,l蓴s晒泰na刹iat蕚嗓艐lianik嗓p拾嗓艐i嗓u蓵yanxu蓱艐ti刹i,laus晒泰niuot蕚蓹艐ke虄t拾aik嗓xuot汀蓵拾ip拾ia虄ni,asein蓻k拾酶yh蓯itout拾u艐k蓴p拾蓯艐j蓯uk拾i艐k蓯nk蓯il蓻,na莎s苫泰niet蓲t蕚蓹ndzai搔oit蕚op拾蓹ni蓹莎t蓲t拾aibiank蓴n,l蓴s晒泰l蓻t汀蓵iat蕚蓹虄jk蓴p拾蓹虄i莎lia蓵ya虄t蕚蓻
t拾axaimei蕚uouanma,t拾axaimeii蓹usouana,laxaimeit蓻souana,t拾蓱搔蓱mi蕯is丧蓹蕯h蓴蕯蓱,t拾axaimeilauuanna,t拾ak拾蓹蕚苫泰x嗓met汀蓵i蓱虄蕣虄,t拾蓹x忙m蓹u蕚ouA虄k忙,t拾ax蓻虄nm泰iouf蓹pama,kim泰t拾ienko艐p拾eihem泰me,u蕦蕯t汀蓵i蓱x蓱艐m蕦蕯l蓱su蕦蕯u蓱艐li蕦蕯,搔i搔蓻搔m泰m蓹蕯k蓱虄h蓴搔a,ihua虄ta虄bueliaua,iiabue蕯k蓴艐sua蕯hio,t拾axaim蓹蕯tau蓵i蓹蕯v忙虄l嗓,t拾蓱xaimei蕚uovanm蓱,givameiku蓴jya,t拾axaimausuouan,t拾axanm嗓p拾ianvanma,t拾ateis晒泰xaimo蕚嗓ua虄,k拾酶yt汀su艐meik蓴艐jynm蓻,t蓲搔aima莎k蓴nye虄po,t汀蓵iax蓻m蓴f蓴ua虄m蓴
xaimein蓹kum蓹t蕚蓹t汀saixu蓹rt汀蓵iou蕚uouanl蓹,xaimeii蓹utayoxaii蓹uix蓹rt汀蓵i蓹usouanno,xaimeit蓻topanxaii蓹uixaxat蓹usouanl蓹u,搔蓱mil嗓d蓱k嗓t汀s嗓ku蕯i蓹蕯蓵i蓹蕯蓹ld蕬i酶s丧蓹蕯搔uo虄t蓹,xaimeiioutakait汀saitaiixu蓹rt汀蓵ioulauuanl蓹,x嗓metaye蕯m蓯蕯t汀s嗓i莎i蓹蕯蕚蓯蕯t汀蓵i莎t蕚蓹艐l蓹,x忙m蓹utAk拾忙t汀s忙t汀蓵iA虄i蓵i蓴xAt汀蓵i蓹uuA虄l蓹,x蓻虄nm泰iouxapax蓻虄nt蓹ixuei莎t汀蓵iouf蓹v蓻虄nl蓴,hanma艐t拾ientenithat拾iamkit汀s拾uvoiko艐p拾etle,m蓱li蕦蕯x蓱艐ti蕦蕯t蕚蓹艐t蕚蓹艐,搔蓻搔m泰m蓹蕯daket汀sek蓱虄i瑟蕯蓵i瑟蕯蕬i嗓k蓱虄h蓴l蓹蕯,hua虄buet汀s拾amtoke蕯kek拾u艐kia虄t汀siuta虄tik,iabuetaii蓴蕯t汀sittiamatio蕯k蓴艐sua蕯,xaim蓹蕯latakait汀saii蓹ui蓹蕯t汀s蓹艐t汀s蓹艐t汀蓵i蓹utau蓵i蓹蕯v忙虄lie,xaimeiiout蓱kait汀saitaixu蓹rt汀蓵iou蕚uovanl蓹,vameidaket汀sekujio艐泰j嗓uku蓴h蓽ba,xaimautak拾aixaii蓹uixart汀蓵i蓹usuouanniau,m嗓i嗓u刹ixapat汀sait嗓艐it蕚嗓虄rt汀蓵i嗓uf嗓vanli嗓,xaimoioutam蓹rxaiteiixu蓹r,t汀su艐meitaik拾蓴it汀s蓴ik蓴j蓯tt汀s蓯nt汀s蓯uk蓴艐jynlak,搔aima莎daik拾ait汀saik蓴nit汀s蓹nt汀s晒泰d蕬i蓹莎k蓴nye虄t蓲,x蓻m蓴tak拾u蓴虄mv泰蓻t汀s蓻jkuakua蓻x蓴t汀蓵i莎f蓴ua虄li蓴
t拾a蕚uolimart汀蓵iout汀sout汀s蓹ms蓹mpant拾ianl蓹xait汀sait汀蓵iali,t拾at汀蓵ia艐masa艐t汀蓵i蓹ut汀s蓹ut汀sakot汀sem蓹nt汀蓵i蓹unoxait汀saiut拾蓹une,lasol蓻limat蓹ut汀s蓹ut汀sakot汀s晒泰ia艐tapant拾ianaoxait汀saiut拾蓹ul蓻,t拾蓱s丧蓹蕯t蓱艐m蓱艐d蕬i酶t汀s酶t汀蓵i蓹蕯k蓹蕯k蓹蕯z晒泰ku蓱艐搔蓱l蓱蕯h蓱蕯o蕯li,t拾a蕚uoma蕚a艐t汀蓵iout汀sout汀sat蕚嗓laupant拾ianl蓹xait汀sait汀蓵ian蓹,t拾at汀蓵i蓱虄ma蕚蓱虄t汀蓵i莎t汀s莎t汀蓵i蓱虄k蓴tip蕣虄t拾i瑟虄x嗓t汀蓵iaz晒泰t拾莎,t拾蓹蕚omA蕚A虄t汀s蓹ut汀sAk蓹t蕚苫泰pA虄t拾i蓻虄l蓹x忙t汀s忙t汀蓵iA蕚蓹u,t拾af蓹ma蕚蓱虄t汀蓵iout汀soulit蕚苫泰m蓹虄np蓻虄t拾i蓻虄nl蓴t汀s蓹虄nm蓹x蓻虄nt汀s蓻vulili蕚a,kivaliklakt汀s拾iut汀seu艐io艐ankiuvehant汀s拾oivukk拾a,u蕦蕯t汀蓵i蓱su蕦蕯t汀s拾蓹ut汀s丧t汀蓵i蓹ut汀s蓹ut汀s蓱tit汀s蕦蕯i艐t汀s蓱艐xu蓱艐x蓱艐t汀s忙t汀蓵y嗓蕚苫泰嗓li蕦蕯,搔ik蓱虄moz蓱虄蕬i嗓t汀s嗓nan蓹艐ka蓵yduz蓹艐ku蓱虄搔蓻la蕯la蕯oli蓵ia虄,ita虄t汀siaksit汀siukia虄t汀soni虄kaukuahua虄tolai,ik蓴艐suibe蕯kia虄na虄ekuipua虄ka艐aiatit汀s拾ulai,t拾asu蓹蕯li蓹蕯mat汀蓵i蓹ut汀sa蕯tit汀s蓹蕯p忙虄t拾ieliexait汀sait汀蓵ial嗓,t拾蓱suom蓱s蓱艐t汀蓵iout汀soun蓹nm蓹n蓹nm蓹pant拾ianl蓹xaitait汀蓵i蓱li,giku蓴j嗓ut汀saud蓽ket汀s晒泰nap酶nebavaz晒泰vuleia,t拾asuot汀蓵i蓹utimoia艐t汀s嗓pant拾i蓻nxaimaut汀s蓹u,t拾af嗓at汀s晒泰rt汀蓵i嗓ut汀s嗓u刹imut汀sapan蕚苫泰t拾ianli嗓xant汀sait蓱艐t汀s晒泰lit拾嗓u刹i,t拾a蕚嗓ma蕚a艐t汀sout汀sout汀sataut蕚蓹rxait汀saiuni,k拾酶ywat汀sikhakt汀s蓯ut汀s蓯utimkaik蓯mn蓴it汀su艐h蓯iukk拾eitou,t蓲k蓴ns蓹it汀蓵id蕬i蓹莎t汀s蓹莎itikaikomop蓴nt拾ie虄t蓲搔aidzaiuni,t汀蓵iaf蓴t汀蓵i莎t汀s莎liaam蓹虄t蕚苫泰m蓹虄pa虄t拾ia虄li蓴t蕚蓴x蓻t蓻t汀蓵ial泰lia
ni蕚蓱艐nart汀蓵拾yuot汀蓵int蕚拾蓹艐t汀蓵拾i,刹it汀s蓹un蓹rt汀蓵拾ie艐otaut汀s拾蓹nx蓹ut拾蓹ut汀蓵拾ie,lit汀s蓹ulataik拾iei艐ot汀s蓹ut汀s拾ent拾蓹uk拾i,nit蓴n蓱lit汀蓵拾i艐ot蓴dzenlit汀蓵拾i,ni蕚a艐nart汀蓵拾yuo蕚a艐kaili,lit蓴lak拾i嗓t汀s拾丧蕣t蓴t汀蓵i嗓蕚蓱虄t汀s拾丧,nik拾蓹nAti蓹ok拾蓹t蕚拾蓹虄蕚蓹uk拾蓹,刹ilalit汀蓵拾iliv蓹t汀蓵i虄nt蕚拾蓹虄nt汀蓵拾ili,n泰hinaiie艐aihit汀s拾utke,n泰t蓴l蓱蕫蕦蕯ti蕦蕯l忙艐i嗓t蓴t蕚拾蓹艐x蕦蕯leiti蕦蕯l忙,no艐t蓴sadif蓱虄t汀蓵拾i艐ot蓴z蓱虄het汀蓵拾i,l莎a虄ik拾莎tikouaa虄ilaik拾莎sia虄lai,lik拾itouiguak拾isia虄lai,nit汀蓵拾ynak蓹蕯ia桑嗓t汀蓵拾yt汀s拾蓹艐lik蓹蕯ia,ni蕚蓱艐n蓱x蓹rt汀蓵拾yuo蕚a艐t蕚拾蓹艐lit汀蓵拾y,刹it汀sau刹audu蓴k拾eia艐泰t汀sauze艐teik拾ei,nitaunanik拾莎艐uotaut汀s拾蓹nnik拾莎,刹it蓴natat汀蓵拾i刹iv嗓t蓴t蕚拾嗓艐x蓱艐t汀蓵拾i刹i,nitauatat汀蓵拾iia艐嗓t汀蓵ie虄t蕚拾蓹艐ia,neih酶ypin艐蓴j蓯ps蓻艐,刹ita莎n蓲t蓴nt汀蓵拾ie艐ota莎d蕫蓹nnit汀蓵拾ie,刹iat蕚at汀蓵拾jlian蓴t蕚拾蓹虄l泰t汀蓵拾jk蓴lia
t汀sainarput汀sait蕚蓹r,t汀sain蓹rput汀sait汀s蓹r,t汀saiati蓻put汀sait汀s晒泰ti蓻,l蓱蕯h蓱n蓱deip蓹蕯l蓱蕯h蓱k蓹蕯li,t汀saineikarput汀sait蕚eikar,t汀s嗓la蓴t汀s蓹p蓹蕯t汀s嗓ti蓴t汀s蓹,t汀s忙n蓹ti蓹put汀s忙t蕚苫泰ti蓹,t汀s蓻l蓻talim泰iout汀s蓽t蕚苫泰ta,hoikeiem泰meeie,t汀s忙u忙蕫蕦蕯p蕦蕯t汀s忙t汀s忙蕫蕦蕯,la蕯蓻miv蓹蕯la蕯g蓹蕯ta蕯,toh莎kobotot汀siko,tihiabotit汀sia,t汀saivart汀蓵iap蓹蕯t汀sait汀sart汀蓵ia,tain蓱x蓹rputait汀蓵iex蓹r,z晒泰haudu蓴fuz晒泰kaudu蓴,tainaniputait汀s嗓ni,t汀saineita刹iput汀sait汀sat汀sa,t汀saiuorput汀sait蕚嗓r,h蓯ik蓴toumh蓯ineitou,dzain蓲t蓴nma莎dzaikot蓴n,t蓻n蓻t蕚aliam蓴t蓻t蕚苫泰t蕚at蕚蓴
punamt蕚蓹teit蕚蓹mt蕚蓹,pus晒泰naia艐t汀s晒泰t汀suiaut汀seia艐t汀s晒泰t汀su,pus晒泰aia艐t汀s蓹us晒泰iao蓵ia艐t汀s晒泰ia艐t汀s蓹ul蓻,p蓹蕯z晒泰z蓹蕯k蓱t拾o筛t汀so蕯i蓴k蓱t汀so,pu蕚苫泰nam嗓t汀suoteit蕚嗓m嗓t汀suo,p蓹蕯蕚苫泰lai蓱虄k蓴i蓴tii蓱虄k蓴,pufA虄n蓹t蕚o艐t蕚蓹虄i蓴fA虄t蕚苫泰t蕚o艐t蕚蓹虄,pu蕚苫泰l蓻m蓹虄ntik蓹t汀sufat蕚苫泰m蓹虄nt汀sut蕚蓹li,m泰mekeannet汀sooie艐io艐艐et汀so,p蕦蕯s晒泰u蕦蕯tixu忙t汀su蕦蕯i蓴t汀s蕦蕯tixu忙t汀su蕦蕯,v蓹蕯i蓴蓻n蓹艐t汀suz晒泰i蓴g蓹蕯n蓹艐kat汀su,mmi虄hi虄he虄t汀sotio蕯t汀si虄se虄t汀so,m泰siane虄t汀sositio蕯ani虄t汀so,p蓹蕯s晒泰vait蓹蕯t汀su蓹蕯s晒泰t汀sait蓹蕯t汀su蓹蕯,pus晒泰n蓱m蓹t汀suos晒泰t汀s蓹nm蓹t汀suo,fuz晒泰hena艐t汀蓵y蓴d蕬akena艐t汀蓵y蓴,pus晒泰naia艐pans晒泰t汀s嗓ia艐pan,pus晒泰neimut汀蓵iat汀suteit汀s晒泰mut汀蓵iat汀su,pus晒泰uia艐rt汀sous晒泰t蕚苫泰ia艐rt汀sou,mh蓯ik蓯mt汀souh蓯ijiuk蓯mt汀souk蓻,pu蕚苫泰ia莎n蓲iant汀s蓹莎蕚苫泰ia莎koiant汀s蓹莎,n蓻m蓹虄t汀蓵iat汀蓵yx蓴m蓴tu扫t蕚蓴i蓴t蕚苫泰m蓹虄t汀蓵iat汀蓵ylia
t拾eituol蓹y艐put蕚aunamtuot蕚苫泰iaut蕚蓹mtuot汀蓵ioukoul蓹,t拾aitonoyo艐putaunam蓹ntot汀s晒泰iaut汀sem蓹ntot汀蓵i蓹uk蓹uno,t拾aitolaiaoputaoaia艐tot汀s晒泰iaot汀s晒泰ia艐tot蓹uk蓹ula,t拾蓹蕯k蓱tot蓹搔io艐p蓹蕯dz蓱蕯k蓱s丧tot汀s蓹蕯搔i蓴z蓹蕯k蓱tod蕬i酶k酶t蓹,t拾aituol蓹y艐put蕚aunalautuot蕚苫泰iaut蕚嗓蓵i蓻t汀蓵ioukoul蓹,t拾嗓t蕣t蕚蓹i艐p蓹蕯t蕚u蓯蕯lai蓱虄t蕣t蕚蓹蕯i蓴tii蓹蕯x蓴t汀蓵i莎k莎t蕚蓹,t拾忙tol蓹pu蓵i蓴n蓹tot蕚苫泰i蓴t蕚苫泰蓵i蓻t汀蓵i蓹uk蓹ul蓹,t拾蓻tu蓹l蓴y虄npu蕚蓱虄l蓻m蓹虄n蓵i蓹t汀s晒泰t汀s苫泰m蓹虄n蓵i蓹t汀蓵ioukoul蓴,t拾iettoem泰s晒泰antooiantoet汀s拾iukeuve,t拾忙teil蓱y艐p蕦蕯t汀su蕦蕯u蕦蕯蓵i嗓蓵i嗓t汀s蕦蕯蓵i嗓蓵i嗓t汀蓵i蓹u蓵i蓱li蓱,t拾蓹蕯dul蓹蕯v蓹蕯i蓴ka蓵ydut汀s蓹蕯i蓴g蓹蕯ti蕬i嗓k嗓l蓹蕯,k拾a蕯t汀soioumia艐hio虄t汀soit汀sio虄t汀soit汀siulaou,siu虄t汀seam泰bianhiani虄t汀se,t拾aut嗓liey蓹艐p蓹蕯lauv蓹蕯lait嗓ku蓲虄t汀s蓹蕯蓵iart汀蓵i蓹uk蓹ulie,t拾aituol蓹蕫u艐puli蓱un蓱m蓹tuot汀蓵ioui蓱ut汀s蓹nm蓹tuot汀蓵iouhoul蓹,t拾嗓ut嗓ubafujy蓴hena艐t嗓ut汀s晒泰jy蓴na艐t嗓uj嗓uli蓻teiba,t拾aituoniauio艐putaunaia艐tuokua艐iaut汀s嗓motuot莽i蓹uk蓹uniau,t拾aitu嗓li嗓i蓴pux蓱艐n嗓mutu嗓t汀s晒泰i蓴t汀sei蓵i嗓t汀蓵i嗓uk嗓uli嗓,t拾aituoli蓻t汀s晒泰iaut蕚eiitia虄rt汀soukouli蓻,t蓴t蓯kt汀s蓯ilams蓯ik蓯mt蓴jiuk蓯mt蓴t汀s蓯uk蓯ula,t拾aitot蓲ia莎punia莎n蓲iantot蕚苫泰ia莎koiantodzi蓹莎i蓹莎t蓲,t拾蓻tuli蓴n蓻m蓹虄tux蓴y蓹虄pv泰ua虄nat蕚苫泰m蓹虄蓵ix蓴t汀蓵i莎k莎li蓴
t蕚eik蓹taneik蓹蓵iaut蕚eilianeik蓹x蓱utiar,t汀sekotanako蓵iaut汀senia艐konaikoxauiti蓹r,t汀s晒泰kotaako蓵iaot汀s晒泰lia艐kotaotilakoiaoxaoit蓻l蓻,t汀蓵i蓹蕯ko蕯don蓱ko蕯蓵i蓴k蓹蕯li蓱艐ko蕯n蓱ko蕯h蓴蕯i蓹蕯ti嗓虄蓹l,t蕚eik嗓taneik嗓蓵iaut蕚嗓lia艐k嗓neik嗓xautiarn蓹,tik蓹talak蓹蓵i蓴tili蓱虄k蓹xak蓹x蓴x蓴t汀s蓹,t蕚苫泰k蓹tAn蓹k蓹xi蓴t蕚苫泰liA虄k蓹nAk蓹x蓴ti蓹,t蕚苫泰k蓹tal蓻k蓹kat蕚苫泰li蓱虄k蓹lak蓹x蓴蓵i蓹蕚a,et汀sakkuot拾aiket汀sakkuoseelio艐t汀sakna艐ait汀sakk拾ohau,t汀s蕦蕯xu忙teiu蕦蕯xu忙蓵i蓴t汀s蕦蕯li蓱艐xu忙l蓱i蕦蕯xu忙x蓴蓵i嗓蕫蕦蕯li蕦蕯,g蓹蕯t汀sa蕯duet汀sa蕯蓵iaulia虄t汀sa蕯li蓵ia虄搔alii瑟蕯t汀sa虄蕯h蓴i瑟蕯艐ene,t汀sikaituah莎kaisoit汀sino虄kaimue虄蕯tikaioiiauhone虄,t汀sitletuahitleset汀sitl艐泰etot汀sitlek拾a蕯ho,t汀saitavai蓵iaut汀s蓹蕯liak嗓nak嗓xau蓵iar,t汀seik蓹t蓱neik蓹蓵i蓱ut汀seili蓱neik蓹x蓱uitiarn蓹,kikaid嗓uhekaisaikili蓻kai刹aukaih蓽lenei,t汀s嗓kuotanakuo蓵iaut汀s嗓nia艐kuonakuoxauitier,t汀seik嗓taneik嗓蓵i蓴t汀seili蓱艐k嗓nak嗓x蓴蓵i嗓r,t蕚苫泰k嗓tauk嗓蓵iaut蕚苫泰liaaik嗓xau,neik蓴taik蓴k蓴s蓯ineil艙艐k蓴pink蓴houtin蓻,kot蕚蓲dain蓲t蕚蓲sia莎koniant蕚on蓲it蕚oha莎itie虄,t蕚苫泰k蓴tan蓻k蓴kat蕚苫泰li蓴虄k蓴ajk蓴x蓴蓻蓵i
t蕚eik蓹pineik蓹xau,t汀sekokannakoxau,t汀s晒泰kokenpiakoxao,k蓹蕯ko蕯pin蓱ko蕯h蓴,t蕚eik嗓p拾ineik嗓xau,tik蓹p晒泰lak蓹x蓴,t蕚苫泰k蓹pin蓹k蓹x蓴,t蕚苫泰k蓹k蓻虄nl蓻k蓹x蓴m蓻虄n,et汀sakpiet汀sakkuohau,t汀s蕦蕯xu忙piu蕦蕯xu忙x蓴,di瑟蕯搔蓹蕯pi蓻搔蓹蕯h蓴,t汀sikaihokueh莎kai,t汀sitlepihitlek拾a蕯ho,t汀saipivaixau,t汀seik蓹pineik蓹x蓱u,kikaipeihekaih蓽,t汀s嗓kuopinakuoxau,t汀seik嗓kanneik嗓x蓴,t蕚苫泰k嗓piuk嗓xau,neik蓴houkw蓴k蓴k蓴,kot蕚opin蓲t蕚oha莎,t蕚苫泰k蓴pjn蓻k蓴x蓴
t蕚ei蓵i蓻f蓱艐t汀s晒泰pupinei蓵i蓻f蓱艐t汀s晒泰xau,t汀se蓵ifa艐t汀s晒泰motena蓵ifa艐t汀s晒泰xau,t汀s晒泰蓵i蓻fa艐t汀s晒泰put蓻a蓵i蓻fa艐t汀s晒泰xao,k蓹蕯蓵iv蓱艐t汀s晒泰搔蓱z晒泰n蓱蓵iv蓱艐t汀s晒泰h蓴,t蕚ei蓵i蓻fa艐t汀s晒泰pulunei蓵i蓻fa艐t汀s晒泰xau,tis晒泰f蓱虄t汀s蓹p蓹蕯t汀蓵i蓹蕯las晒泰f蓱虄t汀s蓹x蓴,t蕚苫泰蓵i蓻fA虄t汀s晒泰m蓹ut蓹n蓹蓵i蓻fA虄t汀s晒泰x蓴,t蕚苫泰蓵i蓹f蓱虄t汀s晒泰m泰ioul蓻蓵i蓹f蓱虄t汀s晒泰x蓴,eteuvukemoketeuvukeanlia艐,t汀s蕦蕯蓵i嗓蕫蕦蕯xu蓹t汀s蕦蕯p蕦蕯tiu蕦蕯蓵i嗓蕫蕦蕯xu蓹t汀s蕦蕯x蓴,di瑟蕯艐ev蓱虄t汀s晒泰piimii瑟蕯艐eva虄t汀s晒泰t拾epe,t汀sit汀s拾o蕯t汀s拾uboh莎t汀s拾o蕯t汀s拾uho,t汀siaet汀s拾ubohiaet汀s拾uho,t汀s蓹蕯蓵ief蓲虄t汀s蓹蕯m蓹蕯lav蓹蕯蓵ief蓲虄t汀s蓹蕯xau,t汀蓵ie蓵ief蓱艐t汀s晒泰puynei蓵ief蓱艐t汀s晒泰x蓱u,kilevudu蓴nauhelevudu蓴na艐h蓽,t汀s嗓蓵iefa艐t汀s晒泰maut嗓na蓵iefa艐t汀s晒泰xau,t汀sei蓵i嗓f蓱艐t汀s晒泰m嗓i嗓unei蓵i嗓f蓱艐t汀s晒泰x蓴,t蕚苫泰蓵i蓻fa艐t汀s晒泰pu蕚蓹艐u蓵i蓻fa艐t汀s晒泰,neitiukp蓯tjyk蓴tiukhou,koxie搔蓴nt汀s晒泰pupin蓲sie搔蓴nt汀s晒泰ha莎,t蕚苫泰蓵if蓴虄t汀s苫泰m蓴i莎n蓻蓵if蓴虄t汀s苫泰x蓴
t拾at汀蓵inniantuotasuei蕚url蓹,t拾at汀蓵in刹ianxautasueisuno,lat汀蓵inlianxaotala,t拾蓱ken刹i嗓虄t汀蓵is丧eit蓹,t拾at汀蓵inniantuotasuei蕚ul蓹,t拾at汀蓵inli瑟虄x蓴tases蕣l蓹,t拾蓹t汀蓵i虄ni蓻虄totAl蓹,t拾at汀蓵i虄n刹i蓻虄ntu蓹tal蓴,kikin艐iankitosee,u蕦蕯t汀蓵i蓱t汀蓵i艐刹i嗓tei蕚蓴刹i嗓t汀蓵ili蓱,搔it汀蓵i艐刹it汀蓵is酶l蓹蕯,ikimni虄zio蕯t汀soihueou,ikinli虄ukuihuelo,t拾at汀蓵i蓹艐niet嗓talie,t拾蓱t汀蓵inniantuot蓱l蓹,gike刹ikeles晒泰a,t拾at汀蓵inni蓻nt汀蓵iseiniau,t拾at汀蓵i艐刹iantu嗓tali嗓,uot汀蓵ie虄nia虄tuo蕚ausueifu,k拾酶yk蓯mninkeitaila,t拾蓲t汀蓵in刹ie虄ha莎tos蓹it蓲,t汀蓵iat汀蓵i蓹虄刹ia虄tutasu扫fv泰li蓴
takait汀蓵拾isan蕚苫泰laisu蓹rpa,p拾ai蓹usans晒泰sa艐蓵iano,p拾ai蓹usans晒泰laisueil蓹uma,m蓴s嗓虄z蓹蕯s丧eiku蓱艐t汀s蓱艐,takaisan蕚苫泰laisueipa,tay蓯蕯m蓯蕯s忙虄蕚蓹蕯u蓱虄sepa,p拾Ai蓹usA虄蕚苫泰tosueilA,tamu莎s蓻虄n蕚苫泰tu蓹l蓴,sams蓹pset汀soiu,y蕦蕯m蕦蕯i蓹us蓱艐蕚蕦蕯l忙sueiu蓱,daia蕯ses蓹蕯s酶搔ua虄liva蕯,t汀s拾amtosa虄t汀sapguahueno虄,tak拾aiusa虄t汀sapkuihuia,takais忙虄s蓹蕯laisueiva,t蓱kait汀蓵拾isan蕚苫泰laisu蓹rp蓱,dakesazaioba,tak拾aisans晒泰tuoseipa,takaisa蕚苫泰tu嗓sueili嗓pa,tam蓹rsa虄蕚苫泰laisu蓹r,j艙km蓴ksams蓯pl蓻艐s酶yla,iomosan蕚晒泰t汀蓵拾ytie虄d蓹莎pai,tak拾u蓴虄mv泰蓻sa虄蕚苫泰l蓻su扫i莎lia
t蕚eitu艐蓵iioutuot蕚拾蓹n,t汀sekoto艐蓵ii蓹uxaut汀so艐,t汀s晒泰koto艐蓵ii蓹uxaot汀so艐a,t汀蓵i蓹蕯ko蕯to艐蓵itos蓴dzo艐蕯蓱,t蕚eik嗓tu艐蓵iioutuot蕚拾蓹nn蓹,tik蓹t蓹艐s晒泰t汀s蓹i莎x蓴t蕚蓹艐a,t蕚苫泰k蓹to艐蓵ii蓹utot蕚o艐,t蕚苫泰k蓹tu虄n蓵iioutu蓹pf蓹虄n蕚a,eketu艐siiukit汀s拾u艐艐e,t汀s蕦蕯xu忙tu艐seii蓹uteil忙t汀su艐li蕦蕯,g蓹蕯t汀sa蕯搔m蓹蕯z晒泰搔i嗓t汀蓵ihozo艐,t汀sikaimue虄蕯uzio蕯ta艐a,t汀sitlebi虄蕯kinta艐le,t汀saitu蓹艐蓵ii蓹ut嗓lait汀su蓹艐l嗓,t汀seik蓹tu艐蓵iioutuot汀su艐n蓹,kikaim酶z晒泰jaukeled蕬y蓴a,t汀s嗓kuoto艐蓵ii蓹ut汀蓵it汀so艐,t汀seik嗓tu艐蓵ii嗓utu嗓t蕚u艐,t蕚嗓tu艐蓵iioutuopf蓹艐,neik蓴j蓻j蓯ukeit汀s拾u艐n蓻,kot蕚蓲t蓹nsii蓹莎ha莎d蕫蓹nnie,t蕚苫泰k蓴tu蓹虄蓵jam蓹虄t蕚u蓹虄t汀s晒泰k蓴i莎lia
iouu蕚苫泰t汀蓵int蕚u艐n蓹,i蓹uus晒泰t汀蓵int汀so艐o,i蓹uus晒泰t汀蓵int汀so艐l蓻,蕯i酶蕯uz蓹蕯t汀蓵indzo艐l嗓,iouu蕚苫泰t汀蓵int蕚拾蓹n,i莎u蕚蓹蕯t汀蓵int蕚蓹艐蕣,i蓹uu蕚苫泰t汀蓵i虄t汀so艐,xapaiouvu蕚苫泰l蓻t汀蓵i虄nli,iun泰s蓹pkuokint汀s拾i艐艐o,i蓹uu蕦蕯蕚蕦蕯t汀蓵i艐t汀su艐li蕦蕯,搔i嗓t蓹蕯艐泰s蓹蕯t汀蓵i艐zo艐,hiatio蕯u艐o虄ut汀sapk莎艐ta艐no虄,ug蓴t汀sapkinta艐le,i蓹uvus蓹蕯t汀蓵i蓹艐t汀su蓹艐l嗓,iouu蕚苫泰t汀蓵int汀su艐n蓹,jau艐泰zaiot汀蓵a艐d蕬y蓴,tak拾aii蓹uus晒泰tuot汀蓵inpa,i嗓uvu蕚苫泰t汀蓵i艐,iouu蕚苫泰t汀蓵ie虄pf蓹艐,si艐艐s蓯pk蓯nt汀s拾u艐,i蓹莎莎蕚苫泰t汀蓵ind蕫蓹n,v泰蕚苫泰t汀蓵i蓹虄i莎lia
nat蓹tu艐ma,nautet汀蓵拾ipu,lat蓻to艐pu,dot蓹蕯do艐蕯u蓱,n蓹艐natu艐ma,k拾蓹lat蓹艐a,k蓹nAt蓹to艐,l蓹虄nlatu虄nma,natethimo,xeitu艐l蓴,net蓹蕯do艐va蕯,k拾io蕯oiti艐ta艐boi,t拾e蕯uhua蕯bo,natu蓹艐alu,n蓱titu艐m蓱,t酶do艐afu,napunat嗓to艐,n嗓艐natu艐ma,nateitu艐,nikt蓯kjukma,n蓲t忙t汀蓵拾ipu,natu蓹虄lia
uonat蓹tu艐t拾anaputu艐,艐onautet汀蓵拾it拾anauput汀蓵拾i,艐olat蓻to艐lalaputo艐,艐odot蓹蕯do艐t拾蓱dop蓹蕯do艐,uon蓹艐natu艐t拾anaputu艐,蕣lat蓹艐t拾alap蓹蕯t蓹艐,onAt蓹to艐t拾蓹nAputo艐,v蓹l蓹虄nlatu虄nt拾alaputu虄n,艐ainaatethikinam泰hi,艐i嗓xeitu艐l蓴u蕦蕯t汀蓵i蓱xeip蕦蕯tu艐,艐onet蓹蕯do艐搔inev蓹蕯do艐,uak拾io蕯oiti艐ta艐ik拾io蕯mti艐ta艐,guat拾e蕯uhua蕯it拾e蕯bohua蕯,桑嗓natu蓹艐laut拾anap蓹蕯tu蓹艐,uon蓱titu艐t拾蓱n蓱putu艐,艐泰t酶do艐git酶fudo艐,艐uonat嗓to艐t拾anaputo艐,v嗓natu艐刹it拾anaputu艐,艐嗓n蓹艐natu艐t拾anaputu艐,艐蓴nikt蓯kjukk拾酶ynikmjuk,艐on蓲t忙t汀蓵拾it拾蓲n蓲put汀蓵拾i,n蓴natu蓹虄liat汀蓵ianatu蓹虄l泰p蓴虄x蓴
t蕚蓹nput汀蓵拾i艐t蕚拾蓹nt蓹lianuoi蓻naputu艐,艐蓹ns晒泰put汀蓵拾inot汀so艐tenian艐ot蓹unauput汀蓵拾i,艐ens晒泰put汀蓵拾inl蓻t汀so艐t蓻lian艐ot蓹ulaputo艐,t汀sent蓱艐p蓹蕯t汀蓵拾indzo艐t蓹蕯li嗓虄艐otudop蓹蕯do艐,t蕚蓹nput汀蓵拾i艐t蕚拾蓹ntilianuoi蓻naputu艐,t蕚蓹np蓹蕯t汀蓵拾inli瑟虄蕣t莎lap蓹蕯t蓹艐,t蕚蓹虄k蓹n蓹put汀蓵拾it蕚o艐n蓹li蓻虄otunAputo艐,a蕚苫泰xuaput汀蓵拾i虄nlali蓻虄nv蓹toulaputu虄nla,aiiahaut汀s拾u艐艐olien艐aiianam泰tohi,p蕦蕯t汀蓵拾i艐li蕦蕯li嗓艐i嗓i嗓xeip蕦蕯tu艐,t汀s蓹艐v蓹蕯t汀蓵拾i艐zo艐t蓹蕯leli艐o搔蓱nev蓹蕯do艐,bohok拾i艐ta艐kauualok拾io蕯mti艐ta艐a,sitt汀saibok拾inta艐kalienguaba虄t拾e蕯buetinta艐,t汀s蓹艐p蓹蕯t汀蓵拾i蓹艐t汀su蓹艐t蓹蕯lie桑嗓ienap蓹蕯tu蓹艐,t汀s蓹nput汀蓵拾i艐s蓹艐t汀su艐tiuotoun蓱putu艐,d蕬y蓴za艐eli艐泰搔at酶fudo艐,t汀s蓹nput汀蓵拾int汀so艐t嗓艐uot蓹unaputo艐niau,t蕚u嗓蕚苫泰put汀蓵拾i艐t蕚u艐tilianv嗓i嗓naputu艐,t蕚e虄pf蓹艐pf蓹艐tilia虄艐嗓tounaputu艐,t汀s蓯nh蓯imh蓻艐t汀s拾u艐toulin艐蓴tounikmjuk,t汀s蓹nt蕚蓹nput汀蓵拾ind蕫蓹nt忙ta莎艐ot蓹莎n蓲put汀蓵拾i,蕚苫泰xuapv泰t汀蓵拾i蓹虄nat蕚u蓹虄t蕚蓴lia虄n蓴anapv泰tu蓹虄na
ni蕚uot蓹t拾i艐x蓱unixain蓹艐蕚uotiar蕚蓹mn蓹,刹isotexauxau刹ixaixueisoti蓹rsat汀s晒泰ne,lisot蓻xaot蓻xenlixaixueiso蓵i蓻laia艐l蓻,nis丧蓹蕯t蓹蕯m嗓虄h蓴ni搔蓱搔ios丧蓹蕯ti嗓虄蓹ls蓱k蓹蕯to艐蓵i,ni蕚uotit汀seixaunixaixuei蕚uotiar蕚an蓹,lit汀蓵i蓱虄ti蓹蕯x蓴x蓹nlix嗓l蓹nt汀蓵i蓱虄x蓴x蓹艐k蓹l蓹,ni蕚on蓹x蓹虄x蓴nix忙xuei蕚oti蓹nAiA虄,刹if蓹tix蓴ua刹ix蓻虄nxueif蓹蓵i蓹sa蕚a,n泰s蓹pfun泰liakko艐n泰haniumakkeko艐ke,n泰su蕦蕯ti蕦蕯p蕦蕯l忙n泰x蓱艐xu忙su蕦蕯蓵i嗓蕫蕦蕯蕚蓹艐li蕦蕯,no艐k蓱虄t蓹蕯l蓴h蓴搔蓹no艐搔蓻搔uek蓱虄tisan蓹,l莎ta虄laiho蕯hol莎lua虄upia艐ta虄kekomi虄蕯kaibo,lik蓴艐kat汀sinholiehiauk蓴艐sia虄bi虄蕯,nisua蕯ti蓹蕯k拾a蕯xaul嗓nixaixueisua蕯蓵iars蓹艐l嗓,ni蕚uotit蕚蓹nx蓱unixaixuei蕚uotiarm蓱i蓱,刹iku蓴h蓽蓵ina刹ivavaiku蓴le刹i搔蓴,nisuot嗓manxaunixain蓹nsuoti蓻nmos晒泰,刹if嗓tit汀sant汀蓵i艐tix嗓艐刹ixann嗓艐f嗓蓵i嗓sa刹i,ni蕚嗓tiliautixe虄nixain蓹艐蕚嗓tiarsa,neik蓴艐t蓯khouhouneit汀su艐sikk蓴艐tim蓯tj蓻n蓻,刹ik蓴nt忙manha莎刹i搔ai蓵ia莎t忙k蓴ntie虄蕚蓹nmonie,刹if蓴t蕚蓴xv泰x蓴刹ix蓻xu扫f蓴蓻蓵isalia
uot汀sueip蓹nuo蕚uopukuot拾a,艐ot汀sueipap蓹n艐ot汀蓵ia艐puint拾a,艐ol蓻t汀sueipent蓻xen艐osopuinla,艐ot汀s丧eip蓱ben艐os丧蓹蕯t拾蓱p蓹蕯ku,uot汀sueip蓹nuo蕚uopukuot拾a,蕣t汀sep蓹n蕣t汀蓵i蓱虄p蓹蕯k蕣t拾a,on蓹t汀sueip蓹虄o蕚opukot拾蓹,v蓹tit汀sueip蓹虄ntix蓹虄nv蓹f蓹puku蓹la,艐aiket汀sois蓹pfunp拾un艐aiko艐m泰kuoki,艐i嗓t汀sueip蓹艐艐i嗓su蕦蕯p蕦蕯kueiu蕦蕯t汀蓵i蓱ti蕦蕯,搔ok蓱虄v蓹蕯dale艐ok蓱虄v蓹蕯ku搔i,uaboita虄ueuata虄sui,bot汀s拾uibot汀si蕯guak蓴艐beia虄i,桑嗓t汀sueip蓹艐桑嗓sua蕯p蓹蕯ku嗓t拾a,uot汀sueip蓹nuo蕚uopukuot拾蓱,艐泰fuvaiku蓴艐泰ku蓴gifuku,艐uot汀seipap蓹nsuopukuot拾a,v嗓t汀sueip嗓艐tix嗓艐f嗓puku嗓t拾a,艐嗓t汀sueipe虄艐嗓蕚嗓pukuouo,艐蓴msikk蓴艐j蓻艐蓴k蓴艐mkw蓴k拾酶y,艐ot汀s蓹ip蓲mo艐k蓴nt拾蓲puku,n蓴t汀su扫t蕚u蓻an蓴pat汀蓵iaf蓴pv泰ku
蕚uol蓹ipianiou蕚uoipian,sonoitaui蓹usoitau,so蓹uipiani蓹usoipian,s丧蓹蕯l蓹蕯i蓹蕯pi嗓虄搔is丧蓹蕯l蓹蕯i蓹蕯pi嗓虄,蕚uol蓹ipianiou蕚uoipian,t汀蓵i蓱虄t蕚蓹i蓹蕯pi瑟虄i莎t汀蓵i蓱虄i蓹蕯pi瑟虄,蕚ol蓹ipi蓻虄i蓹u蕚oipi蓻虄,f蓹l蓴it蕚拾蓻虄nk蓹iouf蓹l蓴it蕚拾蓻虄n,ko艐艐eitt汀soniuhanoiko艐itt汀son,su蕦蕯l蓴i蕦蕯pi嗓i蓹usu蕦蕯i蕦蕯pi嗓,k蓱虄l蓹蕯i瑟蕯pi搔i嗓ka虄i瑟蕯pi,ta虄t汀sekkueliauiuta虄kekue,k蓴艐liaut汀sitpaiko蕯k蓴艐t汀sitpai,sua蕯laui蓹蕯piei蓹usua蕯i蓹蕯pie,蕚uol蓹ipianiou蕚uoipian,ku蓴jipijijipi,suoniauipi蓻ni蓹uipi蓻n,f嗓li嗓ipiani嗓uf嗓li嗓ipian,蕚嗓li蓻ipia虄k拾嗓蕚嗓li蓻ipia虄,k蓴艐t汀s蓴j蓯tt汀s拾ij蓯uk蓴艐j蓯tt汀s拾i,k蓴nt蓲ita莎i蓹莎k蓴nita莎,f蓴k扫li蓴jt汀s拾anak拾蓴f蓴li蓴jt汀s拾a
nint汀sai蕚uoipian,t汀蓵拾in刹it汀saisoitau,mafanlit汀saisoipianxa,t汀蓵拾innit汀s嗓s丧蓹蕯蕯i蓹蕯pi嗓虄,t汀蓵拾i艐nit汀sai蕚uoipian,t汀蓵拾inlit汀s嗓t汀蓵i蓱虄i蓹蕯pi瑟虄,t汀蓵拾i虄nit汀蓵i蓻t汀s忙蕚oipi蓻虄,t汀蓵iat汀蓵拾i虄n刹it汀s拾u虄nf蓹it蕚拾蓻虄n,t汀s拾ia艐n泰t汀soiko艐itt汀son,t汀蓵拾i艐n泰t汀s忙su蕦蕯i蕦蕯pi嗓,t汀蓵拾i艐no艐t汀sek蓱虄i瑟蕯pi,ta拾ia虄l莎ta虄kekue,t汀s拾ia虄liko蕯k蓴艐t汀sitpai,t汀蓵拾i蓹艐nit汀saisua蕯i蓹蕯pieva,t汀蓵拾i艐nitai蕚uoipian,t汀s拾e艐刹it汀seku蓴pit拾i,t汀蓵拾innit汀saisuoipi蓻n,t汀蓵拾i艐刹it汀saif嗓ipian,t汀蓵拾i艐nit汀sai蕚嗓ipia虄,t汀s拾蓻艐neit汀s蓴ik蓴艐j蓯tt汀s拾i,t汀s拾ian刹it汀saik蓴nita莎,t汀s蓴刹it汀s蓻f蓴jt汀s拾a
put汀s蓱ul蓹mali蓹rt汀蓵拾ypa,put汀saunok拾uaiti蓹rt汀蓵拾ie,put汀sao蓹uk拾uaitait汀蓵拾il蓹u,p蓹蕯t汀s蓴t蓹搔蓴s蓴t汀蓵拾i蕯i蓱,pit汀saul蓹k拾uait汀蓵拾ypa,p蓹蕯t汀s蓴l蓹k拾u嗓x蓴t汀s拾丧pa,put汀s蓴l蓹k拾u忙ti蓹k拾蓹,put汀s蓴l蓴k拾u蓻蓵i蓹t汀蓵拾i蕚a,m泰t汀sauvek拾uaititloihi,p蕦蕯t汀s蓴l蓱k拾u忙蓵i嗓蕫蕦蕯t汀蓵拾yu蓱,v蓹蕯t汀s蓴l蓹蕯搔蓴s蓴t汀蓵拾iva蕯,bohot汀saoume虄me虄k拾莎,bot汀salokink拾io,p蓹蕯t汀sauliek拾uait汀蓵拾yva,put汀s蓱ul蓹k拾uait汀蓵拾yp蓱,dz晒泰搔u蓴bak拾alet汀sau,put汀sauniauk拾uait拾i蓹rk拾莎pa,put汀s蓴li嗓kant汀蓵i艐t汀蓵拾ipa,put汀sauli蓻ka虄t汀蓵ie虄t汀蓵拾i,houanlafaitih酶yla,艐ank蓲t蓲k拾uaitie虄t汀蓵拾ieno,t汀s拾晒泰li蓴t汀s蓴ka虄t汀蓵i蓹虄t汀蓵拾jpa
t蕚eixu蓹rxait汀s蓱ut蕚蓹n蓹taixu蓹rt汀sait汀蓵拾ypa,t汀sex蓹rxait汀saut蓹nxax蓹rt汀sait汀蓵拾iema,t汀s晒泰xaxait汀saot蓻xenl蓻tenixat汀sait汀蓵拾ima,k蓹蕯m蓴搔蓱t汀s蓴l嗓ten蕯i蓹蕯蓵i蓹蕯蓹lt汀s嗓t汀蓵拾ih蓴t蓹蕯,蓵iant汀saixait汀sautix嗓rn蓹t蓹艐xu蓹rt汀sait汀蓵拾ypa,t蕚蓱虄k蓹x嗓t汀s蓴x蓹nt蓹ni蓹蕯蕚蓯蕯t汀s嗓t汀s丧pa,t蕚苫泰xAx忙t汀s蓴n蓹t蓹虄xAt汀s忙k拾蓹,t汀蓵iax蓻虄nt汀s蓴t蕚蓹lit蓹虄nixal蓴t汀s蓻t汀蓵拾i蕚a,kinhahans蓹pfunt汀sautenithat汀sa艐loihi,t汀s蕦蕯t蕚蓹艐t蕚蓹艐x蓱艐t汀s蓴li蕦蕯t蓹艐t蕚蓹艐t蕚蓹艐t汀s忙t汀蓵拾yu蓱,搔ize搔蓻t汀s蓴la蕯hekut拾蓹蕯i瑟蕯蓵i瑟蕯t汀set汀蓵拾ih筛le,t汀sit汀su艐hua虄t汀satota艐et汀sia虄laik拾莎,t汀sitba虄iako蕯t汀saesiotant汀sitlet汀sia蕯ko蕯k拾ila,t汀s蓹蕯t汀s蓹艐t汀s蓹艐xait汀saut蓹蕯l嗓t蓹艐i蓹蕯t汀s蓹艐t汀s蓹艐t汀sait汀蓵拾yva,蓵iant汀saixait汀s蓱ut蕚蓹n蓹t蓹艐xu蓹rtait汀蓵拾yp蓱,na艐kavat汀s蓽ta艐o艐泰蓵it汀set汀sauna,t汀s蓹nt汀sanxant汀sauniet蓹nixart汀saik拾莎,蓵iant汀saixant汀s蓴ti刹it嗓艐ixat汀sait汀蓵拾i,t蕚蓹rxait汀saut蕚嗓nit蓹艐ixu蓹rt汀sait汀蓵拾i,jikat汀su艐hout汀s蓻t蓯艐j蓯tt汀s蓯nsint汀sih酶yla,ko蕚苫泰s苫泰搔ait汀sa莎t蓲kuik拾忙d蕬it汀sait汀蓵拾ie,t汀s蓴x蓻t汀s蓴t蕚蓻t蓹虄jkuali蓴t汀s蓻t汀蓵拾jsa
t蕚拾苫泰l蓹fant汀sait汀蓵拾y蓵i艐ma,t汀s拾晒泰nofant汀sait汀蓵拾ieiautepu,tx拾晒泰蓹ufant汀蓵ia艐t蓻t汀蓵拾ixa,v嗓虄t汀蓵拾io蕯l蓹t汀s嗓t汀蓵拾ih蓴p蓹蕯h蓴,t蕚拾苫泰l蓹fant汀sait汀蓵拾ypa,t汀蓵拾i蓹蕯k蕣f忙虄t汀s嗓t汀s拾丧k拾蓹x蓴,t蕚拾苫泰t蓹fA虄t汀s忙k拾蓹k蓹i蓴t蓹,t蕚拾苫泰paf蓻虄nl蓴t汀s蓻t汀蓵拾ipf蓹虄nlipu,s蓹ttefant汀sa艐hihaumo,t蕚拾蕦蕯l蓴xu蓱艐t汀s忙t汀蓵拾y蓵i蓱p蕦蕯蓵i蓱,t汀蓵拾i瑟蕯l蓹蕯vet汀set汀蓵inan蓹艐,t汀sia蕯pat汀sia虄laik拾莎k拾a蕯ho,t汀sia蕯pat汀sia蕯k拾ihobo,t汀s拾蓹蕯lauf忙虄t汀sait汀蓵拾y蓵i蓹艐lauva,t蕚拾苫泰vanfantait汀蓵拾yx蓱um蓱,vat汀s拾晒泰搔u蓴t汀set汀saujy蓴d蕬aafu,t汀蓵拾iniaufant汀saik拾莎xaupuxau,fant蕚拾苫泰li嗓t汀sait汀蓵拾it汀samuk嗓,t蕚拾苫泰li蓻fa虄t汀sait汀蓵拾iteit蕚拾蓹艐,sikt汀s蓴fansint汀sih酶yhouma,t汀蓵拾i蓲t蓲筛ant汀sait汀蓵拾ieha莎pu,fa虄t蕚拾苫泰pali蓴t汀s蓻t汀蓵拾jx蓴t蕚u蓹虄lia
manmart蕚拾苫泰pap蓹艐t蕚蓱ut汀蓵i,manm蓹rt汀s拾晒泰puiauxua艐,manmanl蓻t汀s拾晒泰xaopupiaot汀sot汀蓵i,m嗓虄m嗓虄t汀蓵i蓴t汀蓵拾io蕯蕯蓱p蓹蕯蕯i蓴t汀蓵i蓹蕯s蓱蕯搔uo蕯s蓱蕯,manmart蕚拾苫泰pi蓻t蕚aut汀蓵i,m忙虄x蓴t汀蓵拾i蓹蕯p蓹蕯i蓴t蕚u蓯蕯t汀蓵i蓹蕯,mA虄ti蓹t蕚拾苫泰mApu蓵i蓴t汀蓵i,t汀蓵iam蓻虄n蓵i蓹t蕚拾苫泰蕚apul蓴t汀蓵i,manmannes蓹tms晒泰ankip,m蓱艐蓵i嗓蕫蕯t蕚拾蕦蕯p蕦蕯y艐t蕚蓴t汀蓵i蕦蕯,memet汀蓵i蓴t汀蓵i瑟蕯v蓹蕯i蓴t汀蓵i瑟蕯,k拾ua虄ni虄t汀sia蕯ma虄iki艐t汀sia艐,ununat汀sia蕯biantio蕯kip,m忙虄蓵iart汀s拾蓹蕯p蓹蕯k忙虄t汀s蓹蕯t汀蓵i蓹蕯,marmart蕚拾苫泰p蓱piet蕚蓱ut汀蓵i,faihu蓴mamaz晒泰na艐t汀s拾晒泰,manmantit汀蓵拾imot汀蓵i,man蓵i嗓t蕚拾苫泰p嗓t蕚u嗓t汀蓵i,ma虄mart蕚拾苫泰paut蕚aut汀蓵i,manmansikamhouk蓯p,mantie虄t汀蓵拾i蓲mot蕚拾ot汀蓵i,m虄ma虄蓻t蕚拾苫泰p蓴t汀蓵jsa
t汀suot蕚蓹t蕚拾苫泰pit蕚ant蕚蓹t蕚拾苫泰xautiar,t汀sotaut汀蓵拾it汀s拾晒泰pit汀santaut汀蓵拾it汀s拾晒泰xau蓵i,t汀sot汀蓵拾it汀s拾晒泰iaopit汀sant汀蓵拾it汀s拾晒泰xaot蓻,dzol蓱蕯t汀蓵拾io蕯pili蓹蕯l蓱蕯t汀蓵拾io蕯蕯i蓴h蓴,t汀suot蕚aut蕚拾苫泰p拾it蕚ant蕚aut蕚拾苫泰xau,t汀s蕣t蓴t汀蓵拾i蓹蕯p晒泰t蕚忙虄t蓴t汀蓵拾i蓹蕯x蓴s晒泰,t汀sot蓹t蕚拾苫泰pit蕚A虄t蓹t蕚拾苫泰x蓴ti蓹,t汀su蓹xal蓴t蕚拾苫泰pit蕚蓻虄nt蕚蓹t蕚拾苫泰x蓴蓵i蓹莎,t汀s拾otenlois蓹tpik拾itenlois蓹tkuohau,t汀蓵y嗓ti蕦蕯t蕚拾蕦蕯pit汀s蓱艐ti蕦蕯t蕚拾蕦蕯x蓴蓵i嗓蕫蕦蕯,zula蕯het汀蓵拾i瑟蕯pilila蕯het汀蓵拾i瑟蕯h蓴i瑟蕯艐e,t汀sopa艐kot汀sia蕯hokuek拾iapa艐kot汀sia蕯,t汀setet汀sia蕯p拾ink拾iatet汀sia蕯k拾ahose,t汀su嗓t蓹蕯t汀s拾蓹蕯pit汀s忙虄t蓹蕯t汀s拾蓹蕯xau蓵iar,t汀suot蕚蓹t蕚拾苫泰pit汀sant蕚蓹t蕚拾苫泰x蓱u,zotat汀s拾晒泰peigetat汀s拾晒泰h蓽le,t汀suotaut汀蓵拾ipit汀santaut汀蓵拾ixau蓵ie,t汀su嗓tit蕚拾苫泰kant汀santit蕚拾苫泰x蓴,t汀suoxat蕚拾苫泰pilixat蕚拾苫泰sufu,t汀s拾蓴t汀sysikhoukw蓴k拾eit汀sysik,dzot蓲t汀蓵拾i蓲pit汀sant蓲t汀蓵拾i蓲ha莎sie,t汀suxali蓴t蕚拾苫泰x蓴pjt汀sa虄t蕚蓴t蕚拾苫泰x蓴蓻蓵i
t拾at蕚拾苫泰l蓹fanl蓹nit蕚拾苫泰meit汀s拾苫泰,t拾at汀s拾晒泰nofanno刹it汀s拾晒泰nofanmeii蓹u,lat汀s拾晒泰aofan蓹ulit汀s拾晒泰aofanput蓻蓻,t拾蓱v嗓虄t汀蓵拾io蕯kut蓹niv嗓虄蕯i酶p蓹蕯蕯i酶t汀蓵拾io蕯ku,t拾at蕚拾苫泰fanl蓹nit蕚拾苫泰fanl蓹meiiou,t拾at汀蓵拾i蓹蕯k蕣f忙虄l蓹lik拾蓹t汀蓵拾i蓹蕯k蕣t蕚蓹,t拾蓹t蕚拾苫泰t蓹fA虄l蓹nik蓹t蕚拾苫泰t蓹l蓹,t拾at蕚拾苫泰l蓴f蓻虄nl蓴刹it蕚拾苫泰l蓴m泰iou,kis蓹tlefannens蓹tlefanmoa,u蕦蕯t汀蓵i蓱t蕚拾蕦蕯l蓴xu蓱艐l蓱n泰t蕚拾蕦蕯l蓴xu蓱艐l蓱m蕦蕯l蓱,搔ivet汀蓵拾i瑟蕯kul蓹蕯no艐vet汀蓵拾i瑟蕯kuva蕯,it汀sia蕯hooul莎t汀sia蕯hobue,it汀sia蕯palolit汀sia蕯p艐泰be,t拾at汀s拾蓹蕯lauf忙虄lienit汀s拾蓹蕯liem蓹蕯la,t拾蓱t蕚拾苫泰vanfanl蓹nit蕚拾苫泰fanl蓹meiiou,givat汀s拾晒泰搔u蓴ba刹it汀s拾晒泰搔u蓴bameia,t拾at汀蓵拾iniaufanniaunit汀蓵拾iniaumau,t拾at蕚拾苫泰li嗓fanli嗓刹ifant蕚拾苫泰li嗓m嗓i嗓u,t拾at蕚拾苫泰li蓻nit蕚拾苫泰li蓻mo,k拾酶ysikt汀s蓴fanlakneisikt汀s蓴fanmein蓻,t拾蓲t汀蓵拾i蓲k蓲筛ant蓲刹it汀蓵拾i蓲k蓲筛anma莎,t汀蓵iafa虄t蕚拾苫泰pali蓴刹it蕚拾苫泰li蓴m蓴
t拾at汀蓵拾ykuo蕚蓱艐xaiuomeit汀蓵拾ykuo,t拾at汀蓵拾iekosa艐xai艐omeit汀蓵拾ieko,lak拾ikosa艐xai艐omeit蓻t汀蓵拾iko,t拾蓱z蓱艐h嗓t汀蓵拾ikut蓹艐o搔蓱m蓹蕯蕯i酶t汀蓵拾iku,t拾at汀蓵拾ykuo蕚a艐xaiuomeit汀蓵拾ykuo,t拾at蓴k蕣蕚蓱虄x嗓蕣m蓯蕯i莎t蓴k蕣,t拾蓹k拾蓹ko蕚A虄x忙om蓹uk拾蓹ko,lat汀soulu蓹蕚蓱虄x蓻v蓹m泰iout汀蓵拾iku蓹,kihikuoso艐hoi艐aim泰t拾ienhikuo,u蕦蕯t汀蓵i蓱t汀蓵拾ykuei蕚蓱艐x忙艐i嗓m蕦蕯l蓱t汀蓵拾ykuei,搔iz蓱虄het汀蓵拾ikul蓹蕯艐o搔m泰m蓹蕯t汀蓵拾iku,ik拾莎kuesia艐haiuabok拾莎kue,ik拾ikuesio艐haiguabok拾ikue,t拾at汀蓵拾yku嗓s蓲虄xai桑嗓m蓹蕯lat汀蓵拾yku嗓,t拾蓱t汀蓵拾ykuo蕚蓱艐xaiuomeit汀蓵拾ykuo,gijihet汀saukuba艐泰naut汀sauku,t拾ak拾莎kuosa艐xai艐uomauk拾莎kuo,t拾at汀蓵拾iku嗓蕚蓱艐xaiv嗓m嗓t汀蓵拾iku嗓,t拾at汀蓵拾ikuo蕚a艐xai艐嗓mot汀蓵拾ikuo,k拾酶yh酶ykw蓴s艙艐h蓴i艐蓴meih酶ykw蓴,t拾蓲ta莎ku蕚蓴nhai艐oma莎ta莎ku,t汀蓵ia蕚蓴虄x蓻t汀蓵拾jkun蓴x蓻m蓴t汀蓵拾jku
laiu蓹nu蓹nt蕚eituoxuar蓵i蓱艐pu蓵i蓱艐,naiu蓹nxat汀s晒泰t汀setoxua蓵ia艐pu蓵ia艐,laiuenxak拾ant汀s晒泰toxua蓵ia艐pu蓵ia艐,l嗓venvenk拾嗓k蓹蕯tohu蓱蓹l蓵i蓱艐p蓹蕯蓵i蓱艐,laiu蓹nu蓹nt蕚eit拾uoxuar蓵ia艐pu蓵ia艐,l嗓u蓹nu蓹ntit蕣xuak拾蓹蓵i蓱虄,l忙u蓹虄u蓹虄t蕚苫泰toxuAk蓹蓵iA虄,t汀蓵ia刹iv蓹虄nk莎xat蕚苫泰k蓹xua莎蓵i蓱虄pu蓵i蓱虄,n泰loip拾iithaetofahio艐mo,n泰l忙u艐u艐t汀s蕦蕯tueixu蓱蓵i蓱艐p蕦蕯蓵i蓱艐,lem蓹艐m蓹艐k拾酶g蓹蕯tuho蓵ia虄va蕯,laip拾i虄t拾o虄it汀sip拾auhuek拾a蕯oip拾a艐,laip拾ik拾ua虄t汀sitluihueup拾a艐bo,laiv蓹艐v蓹艐t汀saixua蓵i蓲虄p蓹蕯蓵i蓲虄,laiv蓹nv蓹nt汀蓵ietuorxu蓱r蓵i蓱艐pu蓵i蓱艐,t汀sauleho艐t汀s拾晒泰kitoho蓵iafu,naiu蓹nxan嗓tuoxua蓵ia艐pu蓵ia艐,ku嗓laiv嗓艐ixat汀seik嗓xuer蓵i蓱艐pu蓵i蓱艐,nive虄ixat蕚拾嗓xuat汀s拾ua虄put汀s拾ua虄,l蓯im蓯nhaneit艙fah艙艐mh艙艐,naiu蓹ni搔蓲kotohu蓲sianpu,刹ikul蓻u蓹虄蓻k蓴t蕚苫泰jtuxua蓻蓵i蓴t蕚蓴ma虄m蓴蓵i蓴t蕚蓴
keiuop蓹r蕚u,ke艐oip蓹nsu,laipensuken艐o,p蓹蕯艐o蕯i蓹蕯pens丧,keiuoip蓹r蕚u,ke蕣i蓹蕯p蓹n蕚u,k蓹oip蓹虄蕚u,k莎v蓹k莎ip蓹虄nfu,punitpunsupun艐ai,t汀蓵y艐i嗓i蕦蕯p蓹艐s丧,p蓹蕯艐oi瑟蕯p蓹艐s晒泰,k拾io蕯pu艐t汀s莎k拾莎蕯ua,hoguat汀sitpunt汀su,kei桑嗓i蓹蕯p蓹艐su,keiuoip蓹r蕚u,s晒泰hapa艐艐泰,pap蓹n蓵y艐uo,ku嗓i蕚苫泰m嗓fu,kei艐嗓ip蓹rfu,peipunsy艐蓴,p蓲p蓹n蓵yp蓲艐o,k扫n蓴k扫jp蓹虄蓻fv泰
uot蕚蓹nt蓹meineip蓹r蕚uia,艐o艐蓹ns晒泰motenap蓹nsu,艐ot汀senl蓻meit蓻apensuma,艐ot汀sent蓱艐m蓹蕯蕯i酶n蓱pens丧l蓱蕯,uot蕚蓹nmeineip蓹r蕚uua,蕣t蕚蓹nti蓹蕯m蓯蕯i莎lap蓹n蕚u,ot蕚蓹虄k蓹m蓹ut蓹n蓹p蓹虄蕚u,v蓹蕚苫泰xuam泰ioufu,艐aimoepunsu艐ait汀s蓹nt汀s蓹nmoe,艐i嗓t蕚蓹艐ti蕦蕯m蕦蕯l蓱u蕦蕯p蓹艐s丧,艐ot汀s蓹艐搔蓹搔m泰m蓹蕯s晒泰,uat汀si艐sikboh莎pu艐t汀s莎li,guak拾aksitbohitpunt汀su,桑嗓t汀s蓹艐t蓹蕯m蓹蕯lavaisu,uot汀s蓹ntimeiiouneip蓹r蕚un蓹,hepa艐s晒泰艐泰t汀sa艐t汀sa艐nau,艐uot汀s蓹ntimaut嗓nap蓹n蓵yme,v嗓t蕚u嗓蕚苫泰m嗓fu,艐嗓t蕚e虄k嗓moueiip蓹rfu,艐蓴t汀s蓯nh蓯imouk蓴punsya,艐ot蕚蓹ntima莎t忙n蓲p蓹n蓵ynie,n蓴蕚苫泰xuam蓴i莎n蓻jp蓹虄蓻fv泰蓴虄k拾蓴
nik蓱usu艐t拾a,刹ik蓹nt拾aso,likenlat汀蓵ia艐,nik蓴sut拾蓱,nikausut拾a,lik蓹nt拾at汀蓵i蓱虄,nik蓴so艐t拾蓹,刹ik莎laf蓹ixa,n泰v拾akiti,n泰k蓴t汀蓵yu蕦蕯t汀蓵i蓱,no艐t拾蓹蕯搔ik蓱虄,l莎ka蕯ita虄,likaik蓴艐,nikaukeit拾a,nik蓱usu艐t拾蓱,刹ik拾u蓴giku蓴a,nikau蓵int拾a,刹ik嗓艐t拾af嗓,nikeit拾a蕚嗓,neiwapeik拾酶yt汀si,刹ika莎s晒泰t拾蓲,刹ik扫t汀蓵iaf蓴k扫jkua
x蓱ux蓱urt蓹t汀spipi蓻p拾蓱u,xaus蓹nt汀s蓹upuiaup拾au,xaoxaol蓻t汀s蓹upuiaop拾ao,h蓴h蓴t汀蓵i蓴k蓱t汀seip蓹蕯搔i蓴b蓴,xauxaurt汀soupi蓻p拾au,x蓴x蓴t汀s莎p蓹蕯i蓴p拾蓴,x蓴x蓴n蓹t汀s蓹um蓴p拾蓴,t汀蓵iax蓴x蓴tit汀soupul蓴p拾蓴l蓴蕚a,manmannet汀seum泰haulont汀s拾iak,x蓴x蓴tit汀s蓹up蕦蕯y艐p拾蓴,搔蓴搔蓴t汀蓵i蓴t汀s嗓v蓹蕯i蓴p蓹艐,kia虄homa虄it汀sau,hohoakia虄m泰t拾a艐t汀sau,xauxaut汀s蓹up蓹蕯k忙虄p拾au,x蓱urx蓱urt汀soupiep拾蓱u,t汀saut汀sauh蓽lefaizei,xauxautit汀s蓹umop拾au,x蓴x蓴rt汀s嗓up嗓p拾蓴,xauxaurt汀soupaup拾au,hous蓻艐ha艐mhout汀s蓯u,ha莎tie虄t汀s蓹莎mob蓹n,x蓴x蓴蓻t汀s莎p蓴p拾蓴
蓵i蓱u蓵in蕚uai蓵iat汀蓵拾ip拾apu蕚蓱艐lai,蓵iau蓵inpantaunop拾aput汀蓵拾inai,put汀suita蓵iat汀蓵拾it蓹up拾aput汀蓵拾ilai蓹u,t蓱艐蓵inti蓹蕯lo蕯t汀蓵拾ib蓱p蓹蕯z蓱艐l嗓,t汀蓵ia蓵iau蓵intiau蓵iat汀蓵拾yp拾apu蕚a艐lai,蓵i蓴蓵inti蓴蓵iat汀s拾丧p拾ap蓹蕯蕚蓱虄l嗓,蓵i蓴蓵i虄kuA虄蓵iAk拾蓹p拾Apu蕚A虄l忙,蓵i蓴蓵i虄nti蓹xat汀蓵拾i蕚蓱虄pul蓻,laus蓹nnotiethahip拾am泰so艐loivo,蓵i蓴蓵i艐ti蕦蕯x蓱ti蕦蕯p蓱p蕦蕯su蓹l忙,t蓱虄蓵i艐gue搔ot汀蓵拾ibo搔abov蓹蕯z蓱虄le,t汀saikua艐ma虄ipua蕯k拾莎liaupe蕯mtikk拾ia,selipua蕯lo蕯k拾itio蕯pebuek拾ilai,t汀s拾au蓵i蓹艐ti蓹蕯xak蓹蕯p拾ap蓹蕯s蓲虄lai,蓵i蓱u蓵insu蓱i蓵i蓱t汀蓵拾yp拾蓱pu蕚蓱艐lai,l嗓usa艐lailobofuji,蓵iau蓵inta蓵iak拾莎p拾apusa艐nai,蓵i蓴蓵i艐p嗓ti嗓xat汀蓵拾ip拾apu蕚蓱艐laili嗓,蓵iau蓵ie虄ti蓻xat汀蓵拾it汀sou蕚a艐pulaili蓻,kut汀sytitl蓴kh酶yp拾amfans艙艐l蓯i,ni蓹莎蕚蓹npan搔蓲t汀蓵拾ieb蓲put汀蓵拾inai,蓵i蓴蓵i蓹虄t蕚蓴ti蓴虄xat汀蓵拾jp拾apv泰蕚蓴虄l蓻
i蕚蓹艐t汀蓵i蓱unituo蕚ueixu蓹r,is蓹nxan刹itosueix蓹r,isenxanlitosueixa,蕯isent汀蓵i蓴nitok拾unk拾un,taifut汀蓵iaunituo蕚ueiixu蓹r,z晒泰s蓹nt汀蓵i蓴lit蕣蕚ue蕚ue,is蓹虄t汀蓵i蓴nito蕚uei蕚uei,i蕚蓹虄nt汀蓵i蓴刹itu蓹feii莎li,isenhamn泰tosoititmuk,is蓹艐t汀蓵i蓴n泰teisueisuei,isa虄t汀蓵i蓴no艐tuku蓹艐ku蓹艐,uise艐kiol莎i虄蕯t汀soie,isi艐kiolikek拾unt汀sitle,taifut汀蓵iaunit嗓sueik蓹蕯i蓹蕯t汀s蓹艐t汀s蓹艐,taifut汀蓵i蓱unituosueit汀蓵i蓱u,jisi蓻t汀蓵i蓻刹it嗓uk拾yle,is蓹nt汀蓵iaunituosueixat汀s晒泰,taifu蕫蓱艐刹itu嗓t拾蓱艐ixu蓹r,taifut汀蓵iaunituofeiixa,jis蓯艐kiuneif蓯nt蓴ti,isie虄ia莎刹itok拾uani搔蓲,t蓻fv泰f蓴t蕚蓻t汀蓵i蓴刹ituf扫jxu扫蓻f蓴
t蕚拾ouianx嗓t蕚拾atoupu蓵y,t汀s拾晒泰iant汀s拾晒泰t汀s拾at蓹uput汀su蓹n,t汀s拾晒泰iant汀s拾晒泰t汀s拾at蓹uiaoput蓻,t汀蓵拾io蕯蕯i嗓虄搔uo蕯t汀s嗓t汀蓵拾io蕯dz蓱tup蓹蕯k拾o搔i,t蕚拾ouianx嗓t蕚拾atoupu蓵i艐,t汀蓵拾i蓹蕯i瑟虄k蓹nx蓯蕯t蕚拾at莎p蓹蕯s丧,t蕚拾苫泰i蓻虄t蕚拾苫泰t蕚拾Atuput蕚u蓹虄,t蕚拾oui蓻虄nx蓹t蕚拾atoupupf蓹虄n,s蓹tianfatt汀sas蓹tt汀s拾atum泰t汀sotet,t蕚拾蕦蕯i嗓x蕦蕯t汀s拾蓱tup蕦蕯蓵i蓱,t汀蓵拾i瑟蕯蓵ia虄it汀蓵拾i瑟蕯zozev蓹蕯h蓴搔蓹,t汀sia蕯hu艐asit汀sia蕯telo艐mo虄,t汀sia蕯hunasilimtelo艐bei艐,t汀s蓹蕯iexa蕯t汀s拾at蓹up蓹蕯蓵y,t汀s拾ouianx嗓t蕚嗓x嗓t汀s拾蓱toupu蓵i艐,fukyt汀s拾晒泰jivaz晒泰t汀s拾晒泰t汀蓵嗓uojy蓴fud蕬ake,t汀蓵拾ii蓻nxuot汀s拾at蓹upu蓵y,t蕚拾嗓uianx嗓t汀s拾at嗓upu蓵i艐,pupfe虄t蕚拾苫泰ia虄xuot汀s拾a,sikjinwakt汀s蓻j蓯mt汀s拾atoumt蓯k,t汀蓵拾i蓲ie虄ho蕚苫泰t汀蓵拾i蓲dz蓲t蓹莎put汀蓵yn,ia虄ipv泰t汀蓵i蓴t蕚拾苫泰k扫t汀s拾aipv泰t汀蓵i蓴xuk扫
iani蓻x蓱ut蕚拾ai蓻x蓱uuotoupux蓱u,ianxot汀s拾a艐ot蓹upu蓵ixuan,kuanlis晒泰ians晒泰t汀s拾a艐ot蓹upu蓵ixuan,蕯i嗓虄搔蓱h蓴dz蓱搔蓱h蓴艐otup蓹蕯huo虄蓵iti,iani蓻xaut蕚拾ai蓻xauuotouput嗓i,i瑟虄i嗓x蓴t蕚拾ai嗓x蓴蕣t莎p蓹蕯s晒泰x蕣虄,i蓻虄i蓻x蓴t蕚拾Ai蓻x蓴otupuxixuA虄,i蓻虄ni蓹pat蕚拾ai蓹pav蓹toupu蓻,ianiahaut汀s拾aiahau艐aitum泰hau,i嗓i嗓x蓴t汀s拾蓱i嗓x蓴艐i嗓teip蕦蕯x蓴,il蓴zol蓴艐ozev蓹蕯hu酶蓵i,hu艐ahoteahoualo艐boi艐ia艐,hunahoteahogualo艐boai,ieiexaut汀s拾aiexau桑嗓t蓹up蓹蕯tait汀蓵ie,ianiex蓱ut汀s拾蓱iex蓱uuotoupu蓵ixuan,ji搔ah蓽dzo搔ah蓽艐泰ofus晒泰蓵y,i蓻niexaut汀s拾aiexau艐uot蓹upu蓵ixuan,ianli嗓t汀s拾ali嗓v嗓t嗓upux蓴,ia虄t汀s拾a艐嗓toupu艐ai,jinj蓯uhout汀s拾aj蓯uhou艐蓴toumt汀su艐ji,ie虄i蓲ha莎dzoi蓲ha莎艐od蓹莎pu蓵ih蓴n,ia虄ipat汀s拾aipan蓴jkuam蓴x蓴t蓴t蕚蓴
pukuannit汀蓵拾yput汀蓵拾yfant蕚蓹艐uo蕚苫泰i蓱ut莽拾yt蓹,pukuan刹it汀蓵拾ieput汀蓵拾iexu蓹nsu蓹n艐os晒泰iaut汀蓵拾ieni,kuanlit汀蓵拾iput汀蓵拾i蓹uxuensuen艐ot蓹us晒泰iaot汀蓵拾il蓻,p蓹蕯kuo虄nit汀蓵拾ip蓹蕯t汀蓵拾i艐o搔蓱z晒泰蕯i蓴t汀蓵拾iti,pukuannit汀蓵拾yput汀蓵拾yfant蕚蓹艐uoteit汀蓵拾y,k蕣虄lit汀s拾丧p蓹蕯t汀s拾丧蕣k蓴t汀s晒泰蕚苫泰i蓴t汀s拾丧ti蓹蕯,pukuA虄nik拾蓹puk拾蓹fA虄t蕚蓹虄虄ot蓴蕚苫泰i蓴k拾蓹n蓹,puku蓻虄n刹it汀蓵拾iput汀蓵拾if蓻虄nt蕚蓹虄nv蓹i蓴t汀蓵拾ili,m泰kuonn泰hiiam泰hifant汀s蓹n艐ait汀s拾iuvoihi,p蕦蕯ku蓱艐n泰t汀蓵拾yp蕦蕯t汀蓵拾yxu蓱艐t蕚蓹艐艐i嗓s晒泰i蓴t汀蓵拾yli蕦蕯,v蓹蕯ku酶no艐t汀蓵拾iv蓹蕯t汀蓵拾ifet汀s蓹艐艐oz晒泰i蓴t汀蓵拾i搔蓹,talil莎k拾莎amualit汀sia虄toa虄ik拾莎,m泰kuanlibe蕯k拾iaboaik拾ihuetitguasibe蕯k拾i,p蓹蕯ku忙虄nit汀蓵拾yp蓹蕯t汀蓵拾yf忙虄t汀s蓹艐桑嗓iaut汀蓵拾y,pukuannit汀蓵拾yput汀蓵拾yfant汀s蓹艐uoteit汀蓵拾y,fuky刹it汀saufut汀sauha艐泰t蓽d蕬a=d蕬a=t汀sauke,pukuannik拾莎puk拾莎fant汀s蓹n艐uos晒泰itiniauk拾莎ti,pukuan刹it汀蓵拾iput汀蓵拾ifant蕚嗓艐v嗓s晒泰i蓴t汀蓵拾i刹i,pukua虄nit汀蓵拾iput汀蓵拾ifa虄t蕚蓹艐艐嗓iaut汀蓵拾ini,mleineih酶ymh酶yfant汀si艐艐蓴h蓯ijiuh酶yk蓻,puk蓴n刹it汀蓵拾ieput汀蓵拾ie筛蓹nt蕚拾苫泰艐o蕚苫泰ia莎t汀蓵拾ieti,刹it汀蓵拾jl泰ma虄pv泰t汀蓵拾jx蓴n蓴fa虄t蕚蓹虄t汀蓵拾jlia
uofeit汀蓵拾ypuk嗓,艐ot汀蓵i蓹us晒泰iaut汀蓵拾ie,艐ofeiiaok拾ei,艐ofit汀蓵拾ip蓹蕯k拾o,uofeit汀蓵拾yput蕚苫泰,蕣fei蓴t汀s拾丧,ofeik拾蓹puk拾o,t汀s蓹虄nm蓹xal蓴v蓹toui蓴t汀蓵拾ili,艐ait汀s拾iuoihi,艐i嗓xueit汀蓵拾yp蕦蕯蓵i蓱,艐oz晒泰i瑟蕯di艐i蓴t汀蓵拾i搔蓹蕯,ua艐e虄ho虄ua虄ik拾莎,guaitti艐be蕯k拾i,桑嗓feit汀蓵拾yp蓹蕯蓵i蓹艐,uofeit汀蓵拾y,艐泰fut汀saufu蓵a艐a,艐uofeik拾莎puk拾uo,v嗓f嗓it汀蓵拾ipu蓵i艐,艐嗓fit汀蓵拾ipuk拾嗓,艐蓴h蓯ijiuh酶y,艐o艐蓹n筛蓹iia莎t汀蓵拾ie,f蓴t蕚拾蓹虄k蓴sax蓴an蓴t汀蓵拾jlia
ni蕚苫泰neinianlait蓹,刹is晒泰nai刹iannaini,lis晒泰lailianlail蓻,niz晒泰n蓱蕯i蓹蕯刹i嗓虄l嗓ti蕯蓱,ni蕚苫泰neiinianlaiti,li蕚苫泰lai蓹蕯li瑟虄l嗓ti蓹蕯,ni蕚苫泰nAini蓻虄l忙n蓹,t汀蓵ia刹i蕚苫泰lai刹i蓻虄nl蓻ti蕚a,n泰henai艐ianloike,n泰s晒泰l蓱刹i嗓l忙ti蕦蕯li蕦蕯,no艐z晒泰搔alii瑟蕯刹ile搔蓹蕯,l莎kaitit汀sekni虄laikai,lisitot汀sitli虄laie,nis晒泰nanielait蓹蕯,nineinianlaiti,刹iz晒泰刹auji刹ileika,ninani蓻nnaiti,刹is晒泰nai刹ianlaiti,nis晒泰ainia虄laiti,neih蓯ipinj蓯tninl蓯ika,刹i蕚苫泰n蓲i刹ie虄naiti,刹is晒泰aj刹ia虄l蓻t汀s晒泰
uo蕚苫泰t汀蓵拾iannianlait蓹peit汀蓵i艐,艐os晒泰t汀蓵拾ian刹iant汀s晒泰taupet汀蓵inni,艐os晒泰t汀蓵拾ianlianlaip蓻t汀蓵inl蓻,艐oz晒泰d蕬i嗓虄刹i嗓虄t汀s晒泰t蓴po蕯t汀蓵inti,uo蕚苫泰t汀蓵拾ianniantautipeit汀蓵i艐,蕣蕚苫泰t汀蓵拾i瑟虄li瑟虄t蓴p蓯蕯t汀蓵inti蓹蕯,o蕚苫泰t汀蓵拾i蓻虄ni蓻虄t蓴p蓹t汀蓵i虄n蓹,v蓹蕚苫泰t汀蓵拾i蓻虄n刹i蓻虄nk蓹t蓴p蓹t汀蓵i虄nti,艐aihet汀s拾ien艐ianneloipetkinke,艐i嗓s晒泰t汀蓵i嗓刹i嗓t蓴ti蕦蕯pi蕦蕯t汀蓵i艐,艐oz晒泰蕬i刹it蓴po蕯t汀蓵i艐搔蓹蕯,uasit汀so虄ini虄laipakkia虄kai,guasit汀si艐li虄kaupakkia虄e,桑嗓s晒泰t汀蓵拾ienietaut蓹蕯peit汀蓵i蓹艐,uos晒泰t汀蓵拾ianniank蓹t蓱utipeit汀蓵i艐,艐泰z晒泰ji刹it蓽pait汀蓵a艐ke,艐uos晒泰t汀蓵拾i蓻nni蓻ntaup嗓t汀蓵inti,v嗓s晒泰t汀蓵拾ian刹ianlaitipeit汀蓵i艐,艐嗓s晒泰t汀蓵拾ia虄nia虄tautipeit汀蓵i艐,艐蓴h蓯it汀s拾innintoup蓯kki艐k蓻,艐o蕚苫泰dzie虄k蓲刹ie虄ta莎p忙t汀蓵inti,n蓴s晒泰t汀蓵拾ia虄刹ia虄t蓴xap扫t汀蓵i蓹虄t汀s晒泰
t汀蓵i蓹rk拾aixuei蕚eit蓹t蕚u蓵i,t汀蓵拾int拾iank拾aixueinakota艐t汀su蓵i,t汀蓵int拾iank拾aixueis晒泰lakota艐t汀su蓵i,kent汀s蓴k拾嗓搔uin蓱ko蕯t汀sot汀s丧t蕬i蓹蕯,t汀蓵int拾iank拾aixuei蕚ei蕚苫泰t蕚u蓵i,t汀蓵i嗓k蓹k拾嗓xuexak蓹t汀s蕣t蕚u蓵i蓹蕯,t汀蓵i蓹蕫苫泰k拾忙xueinAk蓹tA虄t蕚u蓵i,t汀蓵i虄nk蓹t拾i蓻虄nk拾蓻xueifei蕚苫泰pfu蓵i蕚a,kimpu艐itk拾oifiman艐into艐t汀susit,t汀蓵i艐蕫蕦蕯k拾忙xu忙sueiti蕦蕯t汀s丧蓵i蕦蕯,t汀蓵iu艐t汀s蓴k拾e搔uesa刹i艐t汀sut汀s晒泰蕬i瑟蕯,kimzikk拾uihuetitia艐t汀sot汀sut汀s拾io蕯,kia虄litk拾uihuesia虄la艐t汀sot汀susik,t汀蓵i蓹艐z蓹蕯k拾aixueisueit蓹蕯t汀su蓵i蓹蕯,t汀蓵i蓹rk蓹k拾aixueiseis晒泰t汀su蓵i,kenek拾evaia刹ina艐tu蓴t汀s晒泰zeia,t汀蓵int拾i蓻nk拾aixueinakuos晒泰t汀蓵y蓵i,t汀蓵i艐t拾iank拾aixueiseitit蕚u蓵i,t汀蓵i蓹rk拾aixueiseitipfu蓵i,k蓯mm蓯th蓴iwuipink蓴t汀sout汀syt汀sik,t汀蓵init汀s晒泰k拾ai筛蓹in蓲kot汀s蓹莎t汀蓵ysi,t汀蓵i蓹虄蓻k拾蓻xu扫x蓴t蕚v泰蓵jf扫t蓴虄t蕚蓻
niteit汀蓵拾i艐uot蓹k拾嗓,t汀蓵拾ink拾e,liiaot汀蓵拾in艐ol蓻k拾蓻蓹u,ni蕯i蓴t汀蓵拾in艐oti蓹蕯k拾蓱蕯,niteit汀蓵拾i艐uok拾嗓r,lii蓴t汀蓵拾in蕣k拾蓯蕯,nii蓴t汀蓵拾i虄on蓹k拾蓹l蓹,t汀蓵ia刹ii蓴pav蓹t汀蓵拾i虄nixali,n泰oit汀s拾ia艐艐ai,n泰ti蕦蕯t汀蓵拾i艐t汀蓵拾i艐艐i嗓,no艐i蓴t汀蓵拾i艐艐ot汀蓵拾i瑟蕯veg蓹蕯,l莎tio蕯t汀s拾ia虄ua,litoait汀s拾ia虄gua,niti蓹蕯t汀蓵拾i蓹艐桑嗓t蓹蕯k拾a蕯,niteit汀蓵拾i艐uoitu蓹r,刹id蕬at汀s拾e艐艐泰k拾a,nikait汀蓵拾in艐uotik拾嗓,刹iteit汀蓵拾i艐v嗓tik拾ei,niteit汀蓵拾i艐艐嗓tik拾ei,neijiut汀s拾蓻艐艐蓴sikfanp蓴,刹iia莎t汀s拾in艐ot汀s蓹莎k拾忙pai,刹itipan蓴t汀蓵拾i蓴k扫jkua
ipiart汀souipiarli蓱u,ipiant汀s蓹uipianpai,lianlut汀s蓹ulianlut汀蓵ia艐,蕯i蓹蕯mi嗓虄t汀sei蕯i蓹蕯mi嗓虄s丧蓹蕯,ipiart汀souipiar蕚uo,i蓹蕯pi瑟虄t汀s莎i蓹蕯pi瑟虄t汀蓵i蓱虄,imi蓻虄t汀s蓹uimi蓻虄t汀蓵iA虄,imi蓻虄nt汀sout蕚蓹liimi蓻虄nf蓹t蕚蓹li,itpienha艐itpienko艐,i蕦蕯pi嗓t汀s蓹ui蕦蕯pi嗓su蕦蕯,i瑟蕯mit汀s嗓i瑟蕯mik蓱虄,t汀s拾iaukia虄t汀s拾iauta虄,la虄kia虄la虄k蓴艐,i蓹蕯piet汀s蓹ui蓹蕯piesua蕯,ipiart汀souipiar蕚uo,pit汀saupiku蓴,in蓹ut汀s蓹uin蓹usuo,t汀s嗓uti刹if嗓ti刹i,sua虄t汀sousua虄蕚嗓,j蓯tpinha艐j蓯tpink蓴艐,pie虄t汀s蓹莎pie虄k蓴n,蓵ya虄t汀s莎蓵ya虄f蓴
y蓻t汀souy蓻yany蓻liauy蓻y蓻tuo,yet汀s蓹uyeyanyepaiyeto,i蓻t汀s蓹ui蓻iani蓻sui蓻to,搔y蓹蕯t汀sei搔y蓹蕯蕯yo虄搔y蓹蕯s丧蓹蕯搔y蓹蕯to,y蓻t汀souy蓻yany蓻蕚uoy蓻tuo,y蓯蕯t汀s莎y蓯蕯y瑟虄y蓯蕯t汀蓵i蓱虄y蓯蕯t蕣,i蓻t汀s蓹ui蓻i蓻虄i蓻蕚oi蓻to,y蓹t汀souy蓹y蓻虄nl蓴y蓹f蓹y蓹tu蓹l蓴,iatt汀seuiatianiatko艐iatto,y蕦蕯t汀s蓹uy蕦蕯y嗓y蕦蕯su蕦蕯y蕦蕯tei,搔y瑟蕯t汀s嗓搔y瑟蕯搔yp搔y瑟蕯k蓱虄搔y瑟蕯tu,zukia虄zuh艐zuta虄zut汀soi,lukia虄luh艐luk蓴艐lut汀se,y蓹蕯t汀s蓹uy蓹蕯yey蓹蕯sua蕯y蓹蕯t嗓,yet汀souyeyanyesuoyetuo,jyt汀saujyjyjyku蓴jyt嗓u,yet汀s蓹uyey蓻nyesuoyetuo,y嗓t嗓uy嗓uyany嗓f嗓y嗓tu嗓,y蓻t汀souy蓻ya虄y蓻蕚嗓y蓻tuo,jytha艐jytjynjytk蓴艐jytt蓴,y忙t汀s蓹莎y忙ye虄y忙k蓴ny忙to,yut汀s莎yuya虄yuf蓴yutu
paineitu艐蓵inakeiuo,panakoto艐蓵inake艐o,paakoto艐蓵ilakei艐o,p蓹蕯n蓱ko蕯to艐蓵idop蓹蕯艐o,paneik嗓tu艐蓵inakeiuo,palak蓹t蓹艐s晒泰t汀s蓹t汀s晒泰ke蕣,忙n蓹k蓹to艐蓵inAk蓹o,t汀蓵iapal蓻k蓹tu虄n蓵ik莎v蓹t汀蓵拾yk莎ixa蕚a,paket汀saktu艐sinapun艐ai,p蓱u蕦蕯xu忙tu艐seit汀蓵y艐i嗓xeikueil忙,neimig蓹蕯m蓹蕯z晒泰p蓹蕯艐o,h莎kaimue虄蕯k拾io蕯pu艐ua,kahitlebi虄蕯kia虄t拾e蕯hogua,pavaitu蓹艐蓵ix嗓kei桑嗓,p蓱neivani蓹rtikeiuo,dehekaim酶z晒泰toha艐泰,panakuoto艐蓵ipa艐uo,pa刹eik嗓tu艐蓵ikeiv嗓,pauotu艐蓵ikei艐嗓,t汀s艙艐k蓴k蓴j蓻l蓴pei艐蓴,p蓲n蓲t蕚蓲t蓹nsin蓲p蓲艐o,pan蓻k蓴tu蓹虄蓵jk扫n蓴t汀蓵ik扫k蓴
iou蓵i蓻k蓹tit汀蓵i蓻rkuant拾aii蓱艐t汀蓵i蓱u蕫苫泰t拾ou,i蓹unitifa艐pat拾aiia艐t汀蓵iaut汀soz晒泰t拾蓹u,i蓹u蓵i蓻tifa艐pat拾aiia艐t汀蓵iaot汀suz晒泰t拾蓹u,蕯i酶ti蓹蕯dif蓱艐p蓹蕯t拾嗓搔i蓱艐t汀蓵i蓴z蓹蕯dei,iou蓵i蓻tifa艐kuant拾aiia艐t汀蓵iau蕫苫泰t拾ou,i莎s晒泰t汀s晒泰f蓱虄pat拾嗓i蓱虄t汀蓵i蓴蕫蓹蕯t拾莎,i蓹u蓵i蓻tifA虄虄忙t拾忙iA虄t汀蓵i蓴蕫蓹t拾蓹u,iou蓵i蓹tif蓱虄pat拾蓻i蓱虄t汀蓵i蓴蕫苫泰t拾ou,iuteut拾ifo艐pat拾aiio艐hamt汀so艐itt拾eu,i蓹u蓵i嗓tixu蓹xu蓹p蓱t拾忙i蓱艐xu蓱艐蕫蕦蕯t蓹ui嗓,搔i嗓t汀so艐dif蓱虄net拾a搔ia虄t汀蓵i蓴刹i瑟蕯d嗓,ula艐lotih艐lia蕯t汀siat拾aiia艐kiot汀sozikt拾au,uesot汀saikat拾aii蓴艐kiot汀suelitt拾au,i蓹u蓵iartif蓲虄pai蓲虄p拾嗓t汀蓵iauz蓹蕯t拾蓹u,iou蓵ietit汀蓵ierp蓱t拾aii蓱艐t汀蓵i蓱u蕫苫泰t拾ou,jauledeihu蓴det拾ajit汀蓵i蓻刹id嗓u,ieu蓵ietifa艐pat拾aiia艐t汀蓵iau莎t拾蓹u,i嗓utitifa艐pat拾aii蓱艐t汀蓵i蓴蕫苫泰t拾嗓u,iou蓵i蓻tifa艐pat拾aiia艐t汀蓵iau蓹rt拾ou,j蓯utiteif蓴艐t汀s艙艐t拾aij艙艐kiut汀souj蓯tt拾蓯u,i蓹莎tit蓴n蕚蓴nt汀蓵ia莎iant汀s蓹莎id蓹莎,i莎蓵it汀s晒泰f蓴虄pat拾蓻i蓴虄t汀蓵i蓴蕫蓻t拾莎蓻t蕚蓻
ninkuei蓵i艐uo蓵i艐u蓱艐,刹ikuei蓵in艐o蓵inua艐,likuei蓵in艐o蓵inua艐,nikui蓵in艐o蓵in搔u蓱艐,nikuei蓵i艐uomiankuei蓵i艐ua艐,likue蓵in蕣蓵inu蓱虄,nikuei蓵i虄o蓵i虄uA虄,刹i蓵insav蓹蓵i虄nv蓱虄,n泰kuisia艐艐a艐aisia艐vo艐,n泰蓵i艐蕚蓹艐li蕦蕯艐i嗓蓵i艐u蓹,no艐kue蓵i艐艐o蓵i艐搔u蓱虄,l莎kuise虄uase虄he艐,likuise虄guasi虄o艐,nikuei蓵i蓹艐桑嗓蓵i蓹艐v蓲虄,nil蓹kuei蓵i艐uo蓵i艐v蓱艐,刹it汀蓵yse艐a艐泰se艐jy蓴,nit汀蓵iakuei蓵in艐uo蓵inua艐,刹ikuei蓵i艐v嗓蓵i艐v蓱艐,nikuei蓵i艐艐嗓蓵i艐ua艐,neikw蓯isi艐艐蓴si艐w蓴艐,n泰n蓹nk蓲ku蓹isin艐osinu蓴n,刹i蓵i蓹虄san蓴蓵i蓹虄u蓴虄
ni蓵i艐u蓱艐uoi蓻蓵i艐u蓱艐t汀samliatou蓵i艐u蓱艐,刹i蓵inua艐艐oie蓵inua艐艐om蓹nnia艐kot蓹u蓵inua艐,li蓵inua艐艐oi蓻s晒泰蓵inua艐艐omenlia艐kot蓹u蓵inua艐,ni蓵in搔u蓱艐艐o搔蓱蓵in搔u蓱艐艐omend蓱t汀蓵i蓱tu蓵in搔u蓱艐,ni蓵i艐ua艐uoi蓻蓵i艐ua艐t汀sanlia蕚苫泰it汀蓵iat汀s晒泰,li蓵inu蓱虄蕣i嗓蓵inu蓱虄蕣li蓱虄k蓹t莎蓵inu蓱虄,ni蓵i虄uA虄oi蓻蓵i虄uA虄om蓹虄liA虄k蓹tu蓵i虄uA虄,刹i蓵i虄nv蓱虄v蓹i蓹蓵i虄nv蓱虄v蓹m蓹虄nli蓱虄k蓹蕫蓹虄ntou蓵i虄nv蓱虄,n泰sia艐vo艐艐aiiasia艐vo艐艐ailio艐ke艐intusia艐vo艐,n泰蓵i艐u蓹艐i嗓i嗓蓵i艐u蓹t汀s蓱li蓱艐xu忙蕫蓹艐tei蓵i艐u蓹,no艐蓵i艐搔u蓱虄艐o搔a蓵i艐搔u蓱虄a蕯lalia虄kad嗓ze蓵i艐搔u蓱虄,l莎se虄he艐uaase虄he艐na艐no虄na艐lo艐se虄he艐,lisi虄o艐guaba虄si虄o艐lanl艐ela艐lo艐si虄o艐,ni蓵i蓹艐v蓲虄桑嗓ie蓵i蓹艐v蓲虄t汀saliak嗓t蓹u蓵i蓹艐v蓲虄,ni蓵i艐v蓱艐uoie蓵i艐v蓱艐t汀sanli蓱tou蓵i艐v蓱艐,刹ise艐jy蓴艐泰搔ase艐jy蓴艐u蓴刹ili蓻kaiose艐jy蓴,ni蓵inua艐艐uoie蓵inua艐艐uom蓹nnia艐kuot蓹u蓵inua艐,刹i蓵i艐v蓱艐v嗓i嗓蓵i艐v蓱艐t汀sam嗓艐li蓱艐k嗓t嗓u蓵i艐v蓱艐,ni蓵i艐ua艐艐嗓i蓻蓵i艐ua艐t汀sailias晒泰it汀蓵iat汀s晒泰,neisi艐w蓴艐艐蓴jiksi艐w蓴艐艐蓴teil艙艐k蓴tousi艐w蓴艐,刹ii蓲sinu蓴n艐oi蓲sinu蓴n艐oinniankoint蓹莎sinu蓴n,刹i蓵i蓹虄u蓴虄n蓴i蓵i蓹虄u蓴虄n蓴liajkua蓵i蓹虄u蓴虄
ni蓵iant汀蓵拾ypauomtaixu蓹rt汀sait汀蓵拾y,刹i蓵iant汀蓵拾iema艐om蓹nt蓹nx蓹rt汀蓵i蓹unai,li蓵iank拾itaoxa艐omentenixaxat汀saik拾蓻,ni蓵i嗓虄t汀蓵拾i艐omenten蕯i蓹蕯蓵i蓹蕯蓹lt汀s嗓t汀蓵拾i,ni蓵iant汀蓵拾ypauom蓹nt蓹艐ixu蓹rt汀sait汀蓵拾y,lit汀蓵拾i瑟虄t汀s拾丧pa蕣m蓹nt蓹ni蓹蕯蕚蓯蕯t汀s蓹t汀s嗓t汀s拾丧,nit汀蓵拾i蓻虄k拾蓹mAom蓹虄t蓹虄ixAt汀s忙k拾蓹,刹i蓵i蓻虄nt汀蓵拾i蕚av蓹m蓹虄nt蓹虄nixal蓴t汀s蓻t汀蓵拾i,n泰t汀son泰sienhi艐aiten艐intenithat汀sa艐hi,n泰蓵i嗓t汀蓵拾yu蓱艐蕦蕯m蓹艐t蓹艐t蓹艐t汀s忙t汀蓵拾y,no艐蓵it汀蓵拾iva蕯a蕯lat蓹艐t拾蓹蕯i瑟蕯蓵i瑟蕯t汀set汀蓵拾i,l莎so虄ik拾莎ua艐ta艐et汀sia虄laik拾莎,lisi艐k拾iagunsiotanlet汀sia蕯k拾i,ni蓵iet汀蓵拾yva桑a虄m蓹艐t蓹艐i蓹蕯t汀s蓹艐t汀s蓹艐t汀sait汀蓵拾y,nit汀蓵拾iant汀蓵拾yp蓱uom蓹ntaixu蓹rt汀sait汀蓵拾y,刹it汀sauei蓵i艐泰leta艐o艐泰t汀set汀sau,ni蓵i蓻nk拾莎pa艐uom蓹nt蓹nixart汀saik拾莎,刹i蓵iant汀蓵拾iv嗓m嗓艐t嗓艐ixat汀sait汀蓵拾i,ni蓵ia虄t汀蓵拾i艐aitit蓹艐ixat汀sait汀蓵拾i,neih酶ysinla艐蓴t蓯艐j蓯tt汀s蓯nsinh酶y,刹isie虄t汀蓵拾ieno艐oinkoik忙d蕬it汀sait汀蓵拾ie,刹i蓵ia虄t汀蓵拾jsan蓴m蓹虄t蓹虄jkuali蓴t汀s蓻t汀蓵拾j
nit蕚拾ouianput蕚拾ou,刹it汀s拾晒泰put汀s拾晒泰ian,lit汀s拾晒泰ianput汀s拾晒泰,ni蓵i蓱艐蕯i嗓虄t汀蓵拾io蕯p蓹蕯t汀蓵拾io蕯,nit蕚拾ouput蕚拾ouian,lik拾蓹t汀蓵拾i蓹蕯i瑟虄,nik蓹t汀sAi蓻虄,i蓻虄n刹it蕚拾oulimaput蕚拾ou,n泰s蓹tianmo,n泰t蕚拾蕦蕯p蕦蕯t蕚拾蕦蕯i嗓,no艐蓵ia虄it汀蓵拾i瑟蕯va蕯,l莎k拾a蕯ut汀sia蕯hu艐,liut汀sia蕯hunbo,nit汀s拾蓹蕯iel嗓p蓹蕯,nit汀s拾ouianm蓱,蓵iji刹it汀s拾晒泰afu,nit汀蓵拾iput汀蓵拾ii蓻n,刹iiant蕚拾嗓uput蕚拾u,nit蕚拾苫泰ia虄pu,neisikmsikjin,刹it汀蓵拾i蓲ie虄pu,刹iia虄t蕚拾苫泰l泰p蓴虄
ni蕫蓹nt蓹neik蓹蕫蓹npu蕫蓹nt蓹,刹iz蓹npuz蓹ntetaunakoz蓹n,lizent蓻akozenpu,n蓱ko蕯l蓴kuo虄nizenp蓹蕯zens蓹蕯,ni蕫蓹npu蕫蓹ntineik嗓蕫蓹n,lik拾蓹蕫蓹nt蓯蕯lak蓹蕫蓹n,nik蓹蕫蓹虄t蓹n蓹k蓹蕫蓹虄,l蓻k蓹蕫蓹虄n刹i蕫蓹虄nt蓹蕫蓹虄nput蓹,n泰s蓹ttetket汀sak艐inmo,n泰蕫蓹艐ti蕦蕯u蕦蕯xu忙蕫蓹艐p蕦蕯蕫蓹艐ti蕦蕯,no艐刹i艐t蓹蕯emi搔蓹蕯刹i艐va蕯,l莎k拾a蕯oipakh莎kaimue虄蕯,luusi蕯saihitlela艐bo,niz蓹艐ti蓹蕯vaiz蓹艐l嗓p蓹蕯,niintipuintineik蓹蕫蓹n,hekaina艐刹iseiafu,niz蓹npuz蓹nt嗓nakuoz蓹n,刹i蕫嗓艐teineik嗓蕫嗓艐刹ima,uo蕫e虄ni蕫e虄teitei,neiji艐mji艐t蓯kk蓴k蓴j蓯n,刹iint忙n蓲t蕚蓲inpu,n蓻k蓴蕫蓹虄刹i蕫蓹til泰p蓴虄
,,,,,,,,,,,,,,,,,,,,,
,,,,,,,,,,,,,,,,,,,,,
,,,,,,,,,,,,,,,,,,,,,
,,,,,,,,,,,,,,,,,,,,,
,,,,,,,,,,,,,,,,,,,,,
,,,,,,,,,,,,,,,,,,,,,
,,,,,,,,,,,,,,,,,,,,,
,,,,,,,,,,,,,,,,,,,,,
,,,,,,,,,,,,,,,,,,,,,
,,,,,,,,,,,,,,,,,,,,,
,,,,,,,,,,,,,,,,,,,,,
,,,,,,,,,,,,,,,,,,,,,
,,,,,,,,,,,,,,,,,,,,,
,,,,,,,,,,,,,,,,,,,,,
,,,,,,,,,,,,,,,,,,,,,
,,,,,,,,,,,,,,,,,,,,,
